MDT_CORRIDOR_ID,SMS_REFPOST_OFFSET,CITY,COUNTY,Month,Year,SMS_TIME,SMT_CRASH_OCC_DAY_OF_WEEK,JUNCTION_RELATED,ROADWAY_RELATED,WEATHER_COND,ROAD_COND,LIGHT_COND,CRASH_SEVERITY,COLLISION_TYPE,LATITUDE,LONGITUDE,Ennis Distance,Virginia City Distance
C000029N,050+0.870,,MADISON,February,2013,7:30,SAT,NON-JUNCTION,ROADSIDE RIGHT,SNOW,SNOW,DAYLIGHT,POSSIBLE INJURY ACCIDENT,ROLL OVER,45.65680167,-112.307755,35.03513217,30.70734328
C000013N,000+0.112,,MADISON,March,2016,11:26,MON,NON-JUNCTION,ROADSIDE RIGHT,CLOUDY,SLUSH,DAYLIGHT,NON-INJURY ACCIDENT (PROPERTY- DAMAGE-ONLY ACCIDENT),NOT FIXED OBJECT OR DEBRIS,44.71260384,-111.4701277,45.81697162,46.3081191
C000013N,000+0.620,,MADISON,November,2013,12:31,FRI,NON-JUNCTION,ROADSIDE LEFT,BLOWING SNOW,SLUSH,DAYLIGHT,NON-INJURY ACCIDENT (PROPERTY- DAMAGE-ONLY ACCIDENT),ROLL OVER,44.71999,-111.47138,45.30974553,45.83462899
C000013N,000+0.807,,MADISON,February,2015,11:55,TUE,NON-JUNCTION,ON ROADWAY,SNOW,ICE/FROST,DAYLIGHT,NON-INJURY ACCIDENT (PROPERTY- DAMAGE-ONLY ACCIDENT),ROLL OVER,44.722545,-111.4711883,45.14293792,45.68638747
C000013N,000+0.869,,MADISON,November,2016,21:00,THU,NON-JUNCTION,ROADSIDE RIGHT,CLOUDY,SNOW,DARK-NOT LIGHTED,NON-INJURY ACCIDENT (PROPERTY- DAMAGE-ONLY ACCIDENT),ROLL OVER,44.72346497,-111.4710312,45.08411218,45.63522663
C000013N,000+0.993,,MADISON,February,2015,21:30,MON,NON-JUNCTION,ROADSIDE RIGHT,CLOUDY,ICE/FROST,DARK-NOT LIGHTED,NON-INCAPACITATING EVIDENT INJURY ACCIDENT,ROLL OVER,44.72528,-111.47076,44.96755731,45.53342956
C000013N,001+0.034,,MADISON,July,2014,10:30,MON,NON-JUNCTION,ROADSIDE RIGHT,CLEAR,DRY,DAYLIGHT,NON-INCAPACITATING EVIDENT INJURY ACCIDENT,ROLL OVER,44.7257907,-111.4708033,44.93311019,45.5018562
C000013N,001+0.252,,MADISON,March,2014,12:40,SUN,NON-JUNCTION,ROADSIDE RIGHT,BLOWING SNOW,SNOW,DAYLIGHT,NON-INJURY ACCIDENT (PROPERTY- DAMAGE-ONLY ACCIDENT),ROLL OVER,44.72887667,-111.4703983,44.7342892,45.32771039
C000013N,003+0.055,,MADISON,March,2014,11:50,TUE,NON-JUNCTION,ROADSIDE LEFT,BLOWING SNOW,SNOW,DAYLIGHT,NON-INJURY ACCIDENT (PROPERTY- DAMAGE-ONLY ACCIDENT),ROLL OVER,44.75479833,-111.4672317,43.06654093,43.87277343
C000013N,003+0.750,,MADISON,February,2013,23:00,MON,NON-JUNCTION,ROADSIDE LEFT,CLOUDY,ICE/FROST,DARK-NOT LIGHTED,NON-INJURY ACCIDENT (PROPERTY- DAMAGE-ONLY ACCIDENT),ROLL OVER,44.76471333,-111.467185,42.41403571,43.29260008
C000013N,005+0.642,NOT IN CITY LIMITS,MADISON,JANUARY,2017,10:45,WED,NON-JUNCTION,ON ROADWAY,SNOW,SNOW,DAYLIGHT,NON-INJURY ACCIDENT (PROPERTY- DAMAGE-ONLY ACCIDENT),REAR-END,44.79147508,-111.4745025,40.54394053,41.54199499
C000013N,006+0.430,,MADISON,December,2016,13:35,TUE,NON-JUNCTION,ROADSIDE RIGHT,SNOW,ICE/FROST,DAYLIGHT,NON-INJURY ACCIDENT (PROPERTY- DAMAGE-ONLY ACCIDENT),REAR TO REAR,44.80255517,-111.4774352,39.77154379,40.82333353
C000013N,007+0.903,,MADISON,December,2014,1:20,SAT,NON-JUNCTION,ROADSIDE LEFT,CLEAR,ICE/FROST,DARK-NOT LIGHTED,NON-INJURY ACCIDENT (PROPERTY- DAMAGE-ONLY ACCIDENT),ROLL OVER,44.82334667,-111.4831917,38.31898602,39.47402054
C000013N,008+0.003,,MADISON,November,2016,11:00,THU,NON-JUNCTION,ROADSIDE RIGHT,CLOUDY,ICE/FROST,DAYLIGHT,NON-INJURY ACCIDENT (PROPERTY- DAMAGE-ONLY ACCIDENT),ROLL OVER,44.82461,-111.48379,38.2269058,39.38542066
C000013N,008+0.109,,MADISON,September,2016,0:11,MON,NON-JUNCTION,ON ROADWAY,UNKNOWN,WET,DARK-NOT LIGHTED,NON-INJURY ACCIDENT (PROPERTY- DAMAGE-ONLY ACCIDENT),FIXED OBJECT,44.82608182,-111.484657,38.11699895,39.27751095
C000013N,008+0.407,,MADISON,March,2014,22:00,MON,NON-JUNCTION,ROADSIDE RIGHT,SNOW,ICE/FROST,DARK-NOT LIGHTED,NON-INJURY ACCIDENT (PROPERTY- DAMAGE-ONLY ACCIDENT),"SIDESWIPE, OPPOSITE DIRECTION",44.82989875,-111.487238,37.82684818,38.98849782
C000013N,008+0.619,,MADISON,November,2015,10:26,FRI,INTERSECTION-RELATED,ROADSIDE RIGHT,SNOW,SLUSH,DAYLIGHT,NON-INJURY ACCIDENT (PROPERTY- DAMAGE-ONLY ACCIDENT),FIXED OBJECT,44.83282752,-111.4882804,37.61870305,38.79285455
C000013N,008+0.855,NOT IN CITY LIMITS,MADISON,AUGUST,2017,22:15,FRI,NON-JUNCTION,ON ROADWAY,CLEAR,DRY,DARK-NOT LIGHTED,NON-INJURY ACCIDENT (PROPERTY- DAMAGE-ONLY ACCIDENT),WILD ANIMAL,44.83389274,-111.4929526,37.4771807,38.60255429
C000013N,008+0.924,NOT IN CITY LIMITS,MADISON,APRIL,2017,6:45,SAT,NON-JUNCTION,ON ROADWAY,CLEAR,DRY,DAYLIGHT,NON-INJURY ACCIDENT (PROPERTY- DAMAGE-ONLY ACCIDENT),WILD ANIMAL,44.83428595,-111.4941883,37.43259279,38.5459557
C000013N,008+0.998,,MADISON,May,2016,6:15,TUE,NON-JUNCTION,ON ROADWAY,CLOUDY,DRY,DAWN,NON-INJURY ACCIDENT (PROPERTY- DAMAGE-ONLY ACCIDENT),WILD ANIMAL,44.83456315,-111.4956268,37.39263702,38.490416
C000013N,009+0.456,NOT IN CITY LIMITS,MADISON,MAY,2017,23:01,TUE,NON-JUNCTION,ON ROADWAY,CLEAR,DRY,DARK-NOT LIGHTED,NON-INJURY ACCIDENT (PROPERTY- DAMAGE-ONLY ACCIDENT),WILD ANIMAL,44.83694629,-111.50529,37.09244446,38.08892484
C000013N,009+0.612,,MADISON,August,2016,11:28,FRI,NON-JUNCTION,ON ROADWAY,CLOUDY,DRY,DAYLIGHT,NON-INJURY ACCIDENT (PROPERTY- DAMAGE-ONLY ACCIDENT),RIGHT ANGLE,44.83762046,-111.5083377,37.0037755,37.96723797
C000013N,010+0.891,,MADISON,October,2015,18:10,THU,NON-JUNCTION,ON ROADWAY,CLOUDY,DRY,DAYLIGHT,NON-INJURY ACCIDENT (PROPERTY- DAMAGE-ONLY ACCIDENT),WILD ANIMAL,44.84798007,-111.5301399,36.01446016,36.78254644
C000013N,011+0.404,,MADISON,October,2016,14:34,MON,NON-JUNCTION,ON ROADWAY,CLOUDY,DRY,DARK-LIGHTED,UNKNOWN,WILD ANIMAL,44.85263554,-111.5383719,35.59622577,36.29373496
C000013N,011+0.509,,MADISON,November,2014,12:40,SUN,NON-JUNCTION,ROADSIDE LEFT,CLEAR,ICE/FROST,DAYLIGHT,NON-INJURY ACCIDENT (PROPERTY- DAMAGE-ONLY ACCIDENT),ROLL OVER,44.85370167,-111.5399233,35.50510856,36.19071395
C000013N,011+0.751,,MADISON,November,2014,21:29,SAT,NON-JUNCTION,ROADSIDE LEFT,SNOW,ICE/FROST,DARK-NOT LIGHTED,NON-INCAPACITATING EVIDENT INJURY ACCIDENT,ROLL OVER,44.85603833,-111.543585,35.30235963,35.95808956
C000013N,011+0.801,,MADISON,November,2014,19:18,SUN,NON-JUNCTION,ROADSIDE LEFT,CLEAR,ICE/FROST,DARK-NOT LIGHTED,NON-INJURY ACCIDENT (PROPERTY- DAMAGE-ONLY ACCIDENT),ROLL OVER,44.85675499,-111.544075,35.24830906,35.90343748
C000013N,012+0.159,,MADISON,August,2015,9:40,TUE,NON-JUNCTION,ON ROADWAY,CLEAR,DRY,DAYLIGHT,NON-INJURY ACCIDENT (PROPERTY- DAMAGE-ONLY ACCIDENT),WILD ANIMAL,44.86189627,-111.5458828,34.88227546,35.55655556
C000013N,013+0.687,,MADISON,December,2014,0:00,WED,NON-JUNCTION,SHOULDER,CLOUDY,SNOW,DARK-LIGHTED,NON-INJURY ACCIDENT (PROPERTY- DAMAGE-ONLY ACCIDENT),FIXED OBJECT,44.87674931,-111.5673849,33.62598208,34.12548757
C000013N,015+0.157,,MADISON,May,2015,4:00,FRI,NON-JUNCTION,ON ROADWAY,CLOUDY,DRY,DAYLIGHT,UNKNOWN,WILD ANIMAL,44.89450167,-111.5836017,32.24898742,32.66454087
C000013N,015+0.337,NOT IN CITY LIMITS,MADISON,MAY,2017,20:25,THU,NON-JUNCTION,ON ROADWAY,CLEAR,DRY,DUSK,NON-INJURY ACCIDENT (PROPERTY- DAMAGE-ONLY ACCIDENT),WILD ANIMAL,44.89680995,-111.5854257,32.07358393,32.48200855
C000013N,015+0.747,NOT IN CITY LIMITS,MADISON,JANUARY,2017,11:19,MON,INTERSECTION,ON ROADWAY,SNOW,SNOW,DAYLIGHT,NON-INJURY ACCIDENT (PROPERTY- DAMAGE-ONLY ACCIDENT),REAR-END,44.90100089,-111.591177,31.7292923,32.08710107
C000013N,015+0.878,,MADISON,July,2014,10:28,FRI,NON-JUNCTION,ON ROADWAY,CLEAR,DRY,DAYLIGHT,NON-INJURY ACCIDENT (PROPERTY- DAMAGE-ONLY ACCIDENT),WILD ANIMAL,44.90232333,-111.5930533,31.62029748,31.96094168
C000013N,016+0.121,,MADISON,October,2015,20:48,WED,NON-JUNCTION,ON ROADWAY,CLOUDY,DRY,DARK-LIGHTED,NON-INJURY ACCIDENT (PROPERTY- DAMAGE-ONLY ACCIDENT),WILD ANIMAL,44.90558721,-111.5955182,31.37425895,31.70577716
C000013N,016+0.214,,MADISON,April,2014,3:50,THU,NON-JUNCTION,ON ROADWAY,CLEAR,DRY,DARK-NOT LIGHTED,NON-INJURY ACCIDENT (PROPERTY- DAMAGE-ONLY ACCIDENT),WILD ANIMAL,44.9068,-111.59643,31.28291809,31.61107338
C000013N,016+0.327,,MADISON,October,2016,12:38,FRI,NON-JUNCTION,ON ROADWAY,CLEAR,DRY,DAYLIGHT,NON-INJURY ACCIDENT (PROPERTY- DAMAGE-ONLY ACCIDENT),WILD ANIMAL,44.90810229,-111.5976369,31.18251698,31.50346777
C000013N,016+0.736,,MADISON,November,2014,15:30,THU,NON-JUNCTION,ROADSIDE LEFT,CLEAR,DRY,DAYLIGHT,NON-INJURY ACCIDENT (PROPERTY- DAMAGE-ONLY ACCIDENT),FIXED OBJECT,44.91339667,-111.601525,30.78510078,31.09246691
C000013N,017+0.380,,MADISON,November,2014,18:30,THU,NON-JUNCTION,ON ROADWAY,CLEAR,DRY,DARK-NOT LIGHTED,NON-INJURY ACCIDENT (PROPERTY- DAMAGE-ONLY ACCIDENT),WILD ANIMAL,44.92295333,-111.6026767,30.12751533,30.50468316
C000013N,017+0.386,,MADISON,April,2014,20:45,SAT,NON-JUNCTION,ON ROADWAY,CLEAR,DRY,DARK-LIGHTED,NON-INJURY ACCIDENT (PROPERTY- DAMAGE-ONLY ACCIDENT),WILD ANIMAL,44.92302501,-111.6026927,30.12250858,30.50009167
C000013N,017+0.584,,MADISON,May,2014,14:45,SUN,NON-JUNCTION,ROADSIDE RIGHT,RAIN,WET,DAYLIGHT,NON-INJURY ACCIDENT (PROPERTY- DAMAGE-ONLY ACCIDENT),FIXED OBJECT,44.92593465,-111.6029073,29.92374356,30.3253665
C000013N,017+0.770,NOT IN CITY LIMITS,MADISON,JUNE,2017,4:45,MON,NON-JUNCTION,ON ROADWAY,CLEAR,DRY,DARK-NOT LIGHTED,NON-INJURY ACCIDENT (PROPERTY- DAMAGE-ONLY ACCIDENT),WILD ANIMAL,44.92842779,-111.6040967,29.74310701,30.14913544
C000013N,017+0.880,,MADISON,October,2013,17:47,THU,NON-JUNCTION,ON ROADWAY,BLOWING SNOW,ICE/FROST,DAYLIGHT,NON-INJURY ACCIDENT (PROPERTY- DAMAGE-ONLY ACCIDENT),RIGHT ANGLE,44.93008882,-111.6046227,29.62549711,30.03886266
C000013N,018+0.275,,MADISON,May,2014,6:10,MON,NON-JUNCTION,ON ROADWAY,"FOG, SMOG, SMOKE",DRY,DAWN,NON-INJURY ACCIDENT (PROPERTY- DAMAGE-ONLY ACCIDENT),WILD ANIMAL,44.93495167,-111.6062017,29.28078172,29.71530623
C000013N,018+0.406,NOT IN CITY LIMITS,MADISON,NOVEMBER,2017,21:25,THU,NON-JUNCTION,ON ROADWAY,CLEAR,DRY,DARK-NOT LIGHTED,NON-INJURY ACCIDENT (PROPERTY- DAMAGE-ONLY ACCIDENT),WILD ANIMAL,44.93643946,-111.607837,29.1635656,29.58548462
C000013N,019+0.684,,MADISON,January,2014,15:40,WED,NON-JUNCTION,ON ROADWAY,SNOW,SNOW,DAYLIGHT,NON-INJURY ACCIDENT (PROPERTY- DAMAGE-ONLY ACCIDENT),ROLL OVER,44.95368293,-111.6186227,27.88988945,28.30068878
C000013N,020+0.273,,MADISON,October,2014,7:15,MON,NON-JUNCTION,ON ROADWAY,CLEAR,DRY,DAYLIGHT,NON-INJURY ACCIDENT (PROPERTY- DAMAGE-ONLY ACCIDENT),WILD ANIMAL,44.96029667,-111.62608,27.37098447,27.71827787
C000013N,020+0.434,,MADISON,June,2016,12:50,SUN,NON-JUNCTION,ROADSIDE RIGHT,CLEAR,DRY,DAYLIGHT,POSSIBLE INJURY ACCIDENT,ROLL OVER,44.96168606,-111.6287193,27.2525631,27.56698812
C000013N,020+0.441,SHERIDAN,MADISON,SEPTEMBER,2017,0:00,SUN,NON-JUNCTION,OUTSIDE RIGHT-OF-WAY (TRAFFICWAY),UNKNOWN,UNKNOWN,UNKNOWN,UNKNOWN,FIXED OBJECT,44.96230005,-111.6282175,27.21542817,27.54516097
C000013N,020+0.844,NOT IN CITY LIMITS,MADISON,AUGUST,2017,20:30,SUN,NON-JUNCTION,ON ROADWAY,CLEAR,DRY,DARK-NOT LIGHTED,NON-INJURY ACCIDENT (PROPERTY- DAMAGE-ONLY ACCIDENT),WILD ANIMAL,44.96545956,-111.6351576,26.93938,27.17617817
C000013N,020+0.925,,MADISON,November,2014,11:05,TUE,NON-JUNCTION,SHOULDER,SNOW,SNOW,DAYLIGHT,NON-INJURY ACCIDENT (PROPERTY- DAMAGE-ONLY ACCIDENT),FIXED OBJECT,44.96585637,-111.6367247,26.89903639,27.11131596
C000013N,021+0.974,,MADISON,February,2014,18:00,SUN,NON-JUNCTION,ON ROADWAY,CLEAR,DRY,DUSK,NON-INJURY ACCIDENT (PROPERTY- DAMAGE-ONLY ACCIDENT),WILD ANIMAL,44.97810018,-111.6462312,25.98730713,26.14899969
C000013N,022+0.520,,MADISON,February,2013,7:00,WED,NON-JUNCTION,ON ROADWAY,CLEAR,DRY,DAWN,NON-INJURY ACCIDENT (PROPERTY- DAMAGE-ONLY ACCIDENT),WILD ANIMAL,44.98606,-111.6483517,25.42782688,25.63327793
C000013N,022+0.561,,MADISON,November,2015,10:15,SUN,NON-JUNCTION,ROADSIDE LEFT,BLOWING SNOW,ICE/FROST,DAYLIGHT,FATAL ACCIDENT,ROLL OVER,44.98654602,-111.6483935,25.39435464,25.60423207
C000013N,022+0.567,,MADISON,November,2015,10:00,SUN,NON-JUNCTION,ROADSIDE LEFT,BLOWING SNOW,ICE/FROST,DAYLIGHT,NON-INJURY ACCIDENT (PROPERTY- DAMAGE-ONLY ACCIDENT),ROLL OVER,44.98669509,-111.6483864,25.38424492,25.59586728
C000013N,023+0.596,,MADISON,February,2015,15:30,THU,NON-JUNCTION,OUTSIDE RIGHT-OF-WAY (TRAFFICWAY),CLOUDY,SNOW,DAYLIGHT,NON-INJURY ACCIDENT (PROPERTY- DAMAGE-ONLY ACCIDENT),ROLL OVER,45.0019,-111.651365,24.32397282,24.6464217
C000013N,023+0.860,,MADISON,December,2013,11:30,TUE,NON-JUNCTION,SHOULDER,CLOUDY,ICE/FROST,DAYLIGHT,NON-INJURY ACCIDENT (PROPERTY- DAMAGE-ONLY ACCIDENT),LOST CONTROL,45.00573077,-111.648352,24.08736613,24.51505509
C000013N,025+0.422,,MADISON,May,2014,21:00,SAT,NON-JUNCTION,ON ROADWAY,CLOUDY,DRY,DARK-NOT LIGHTED,NON-INJURY ACCIDENT (PROPERTY- DAMAGE-ONLY ACCIDENT),WILD ANIMAL,45.02538075,-111.64819,22.75195779,23.4282868
C000013N,025+0.740,,MADISON,January,2013,19:30,FRI,NON-JUNCTION,ROADSIDE LEFT,SEVERE CROSSWINDS,ICE/FROST,DARK-NOT LIGHTED,NON-INCAPACITATING EVIDENT INJURY ACCIDENT,ROLL OVER,45.02999667,-111.6481433,22.43872597,23.17740143
C000013N,025+0.764,,MADISON,November,2015,22:00,SUN,NON-JUNCTION,ROADSIDE RIGHT,BLOWING SNOW,ICE/FROST,DARK-NOT LIGHTED,POSSIBLE INJURY ACCIDENT,ROLL OVER,45.03033664,-111.6483104,22.41414164,23.15386377
C000013N,026+0.073,NOT IN CITY LIMITS,MADISON,JANUARY,2017,7:50,TUE,NON-JUNCTION,ROADSIDE RIGHT,CLOUDY,ICE/FROST,DAYLIGHT,NON-INJURY ACCIDENT (PROPERTY- DAMAGE-ONLY ACCIDENT),ROLL OVER,45.03478572,-111.6481768,22.11317661,22.91640483
C000013N,026+0.507,,MADISON,April,2014,5:50,THU,NON-JUNCTION,ON ROADWAY,CLOUDY,DRY,DAYLIGHT,NON-INJURY ACCIDENT (PROPERTY- DAMAGE-ONLY ACCIDENT),WILD ANIMAL,45.04107273,-111.6482099,21.68614513,22.57688917
C000013N,026+0.507,,MADISON,November,2015,18:15,WED,NON-JUNCTION,ROADSIDE LEFT,BLOWING SNOW,ICE/FROST,DARK-NOT LIGHTED,POSSIBLE INJURY ACCIDENT,ROLL OVER,45.04105782,-111.6481367,21.68783167,22.57994444
C000013N,026+0.600,,MADISON,March,2015,7:00,TUE,NON-JUNCTION,ON ROADWAY,"FOG, SMOG, SMOKE",WET,DAYLIGHT,NON-INJURY ACCIDENT (PROPERTY- DAMAGE-ONLY ACCIDENT),OTHER,45.04239127,-111.6481201,21.59751913,22.50908976
C000013N,026+0.606,,MADISON,November,2015,16:42,SUN,NON-JUNCTION,ROADSIDE RIGHT,SEVERE CROSSWINDS,ICE/FROST,DAYLIGHT,FATAL ACCIDENT,ROLL OVER,45.04249925,-111.6481311,21.59009209,22.502977
C000013N,026+0.798,,MADISON,July,2014,23:28,THU,NON-JUNCTION,SHOULDER,CLEAR,DRY,DARK-NOT LIGHTED,NON-INJURY ACCIDENT (PROPERTY- DAMAGE-ONLY ACCIDENT),ROLL OVER,45.0453234,-111.647895,21.40075096,22.35970712
C000013N,027+0.431,,MADISON,January,2014,4:32,TUE,NON-JUNCTION,ON ROADWAY,CLOUDY,DRY,DARK-NOT LIGHTED,NON-INCAPACITATING EVIDENT INJURY ACCIDENT,WILD ANIMAL,45.05442333,-111.6472683,20.79012509,21.89927884
C000013N,027+0.530,,MADISON,October,2013,7:05,SUN,NON-JUNCTION,ON ROADWAY,CLEAR,DRY,DAWN,NON-INJURY ACCIDENT (PROPERTY- DAMAGE-ONLY ACCIDENT),WILD ANIMAL,45.05583462,-111.6471806,20.6954326,21.82832379
C000013N,028+0.001,,MADISON,March,2015,20:10,TUE,NON-JUNCTION,ON ROADWAY,CLEAR,WET,DARK-NOT LIGHTED,NON-INJURY ACCIDENT (PROPERTY- DAMAGE-ONLY ACCIDENT),WILD ANIMAL,45.38333333,112.3833333,5614.263553,5612.543015
C000013N,029+0.393,NOT IN CITY LIMITS,MADISON,NOVEMBER,2017,9:00,TUE,NON-JUNCTION,ROADSIDE LEFT,CLEAR,ICE/FROST,DAYLIGHT,NON-INJURY ACCIDENT (PROPERTY- DAMAGE-ONLY ACCIDENT),FIXED OBJECT,45.085,111.6469444,5649.821201,5648.15819
C000013N,030+0.751,NOT IN CITY LIMITS,MADISON,AUGUST,2017,12:00,THU,INTERSECTION,ON ROADWAY,CLEAR,DRY,DAYLIGHT,NON-INJURY ACCIDENT (PROPERTY- DAMAGE-ONLY ACCIDENT),RIGHT ANGLE,45.10229298,-111.650049,17.52975643,19.41498494
C000013N,030+0.757,,MADISON,November,2014,13:00,MON,INTERSECTION,ON ROADWAY,CLEAR,DRY,DAYLIGHT,POSSIBLE INJURY ACCIDENT,"SIDESWIPE, SAME DIRECTION",45.10233676,-111.64996,17.52780373,19.41608349
C000013N,031+0.613,NOT IN CITY LIMITS,MADISON,AUGUST,2017,22:44,WED,NON-JUNCTION,ROADSIDE LEFT,CLEAR,DRY,DARK-NOT LIGHTED,NON-INJURY ACCIDENT (PROPERTY- DAMAGE-ONLY ACCIDENT),ROLL OVER,45.11357361,-111.6573917,16.69001712,18.62353396
C000013N,031+0.755,,MADISON,February,2014,5:10,TUE,NON-JUNCTION,ON ROADWAY,SNOW,SNOW,DARK-NOT LIGHTED,NON-INJURY ACCIDENT (PROPERTY- DAMAGE-ONLY ACCIDENT),WILD ANIMAL,45.11548603,-111.6584845,16.54944632,18.49546399
C000013N,034+0.901,,MADISON,September,2015,11:43,WED,NON-JUNCTION,ROADSIDE RIGHT,CLEAR,DRY,DARK-LIGHTED,POSSIBLE INJURY ACCIDENT,ROLL OVER,45.15794303,-111.6785267,13.47746733,15.88176984
C000013N,035+0.000,,MADISON,October,2016,4:10,TUE,NON-JUNCTION,ROADSIDE LEFT,SNOW,SNOW,DARK-NOT LIGHTED,NON-INJURY ACCIDENT (PROPERTY- DAMAGE-ONLY ACCIDENT),ROLL OVER,45.16021,-111.67857,13.32344678,15.78757924
C000013N,035+0.223,,MADISON,July,2015,7:35,MON,NON-JUNCTION,ON ROADWAY,CLOUDY,DRY,DAYLIGHT,NON-INJURY ACCIDENT (PROPERTY- DAMAGE-ONLY ACCIDENT),WILD ANIMAL,45.16340834,-111.67869,13.10568113,15.6540514
C000013N,037+0.838,,MADISON,December,2015,10:50,THU,DRIVEWAY/ALLEY ACCESS RELATED,OFF ROADWAY LOCATION UNKNOWN,CLOUDY,ICE/FROST,DAYLIGHT,NON-INJURY ACCIDENT (PROPERTY- DAMAGE-ONLY ACCIDENT),FIXED OBJECT,45.20134852,-111.6789122,10.54721783,14.28963284
C000013N,037+0.876,NOT IN CITY LIMITS,MADISON,SEPTEMBER,2017,11:34,MON,NON-JUNCTION,ON ROADWAY,CLOUDY,DRY,DAYLIGHT,NON-INJURY ACCIDENT (PROPERTY- DAMAGE-ONLY ACCIDENT),"SIDESWIPE, OPPOSITE DIRECTION",45.20194938,-111.6787429,10.50903647,14.27837306
C000013N,037+0.888,,MADISON,November,2014,12:03,SUN,DRIVEWAY/ALLEY ACCESS RELATED,ON ROADWAY,CLEAR,ICE/FROST,DAYLIGHT,POSSIBLE INJURY ACCIDENT,REAR-END,45.20207167,-111.678855,10.49949649,14.26971307
C000013N,037+0.956,VIRGINIA CITY,MADISON,OCTOBER,2017,10:10,MON,INTERSECTION,ON ROADWAY,CLEAR,DRY,DAYLIGHT,NON-INJURY ACCIDENT (PROPERTY- DAMAGE-ONLY ACCIDENT),REAR TO FRONT,45.20310411,-111.6787613,10.43154907,14.2420553
C000013N,037+0.962,,MADISON,August,2014,17:35,SAT,NON-JUNCTION,ON ROADWAY,CLEAR,DRY,DAYLIGHT,INCAPACITATING INJURY ACCIDENT,REAR-END,45.20320667,-111.6789083,10.42289882,14.23250093
C000013N,038+0.040,NOT IN CITY LIMITS,MADISON,OCTOBER,2017,16:14,SUN,NON-JUNCTION,ON ROADWAY,RAIN,WET,DAYLIGHT,INCAPACITATING INJURY ACCIDENT,REAR-END,45.20437125,-111.6788607,10.34558697,14.19914469
C000013N,039+0.297,NOT IN CITY LIMITS,MADISON,OCTOBER,2017,21:15,TUE,NON-JUNCTION,ON ROADWAY,CLOUDY,DRY,DARK-NOT LIGHTED,NON-INJURY ACCIDENT (PROPERTY- DAMAGE-ONLY ACCIDENT),WILD ANIMAL,45.22259902,-111.6789663,9.130808232,13.68950131
C000013N,040+0.105,NOT IN CITY LIMITS,MADISON,JANUARY,2017,23:25,FRI,NON-JUNCTION,ON ROADWAY,CLOUDY,DRY,DARK-NOT LIGHTED,NON-INJURY ACCIDENT (PROPERTY- DAMAGE-ONLY ACCIDENT),WILD ANIMAL,45.23429607,-111.6789255,8.359873804,13.41966606
C000013N,041+0.157,NOT IN CITY LIMITS,MADISON,OCTOBER,2017,20:40,MON,NON-JUNCTION,ON ROADWAY,CLEAR,DRY,DARK-LIGHTED,NON-INJURY ACCIDENT (PROPERTY- DAMAGE-ONLY ACCIDENT),WILD ANIMAL,45.24962185,-111.6787437,7.364090937,13.13923837
C000013N,041+0.448,,MADISON,July,2016,12:45,SAT,NON-JUNCTION,ROADSIDE RIGHT,CLEAR,DRY,DAYLIGHT,NON-INJURY ACCIDENT (PROPERTY- DAMAGE-ONLY ACCIDENT),ROLL OVER,45.2537656,-111.6788407,7.095379501,13.07017433
C000013N,041+0.678,,MADISON,June,2014,21:45,SAT,NON-JUNCTION,ON ROADWAY,CLEAR,DRY,DARK-NOT LIGHTED,NON-INJURY ACCIDENT (PROPERTY- DAMAGE-ONLY ACCIDENT),WILD ANIMAL,45.25712368,-111.6787156,6.882415539,13.02826967
C000013N,041+0.840,,MADISON,October,2013,17:40,THU,DRIVEWAY/ALLEY ACCESS RELATED,ON ROADWAY,CLEAR,DRY,DAYLIGHT,NON-INJURY ACCIDENT (PROPERTY- DAMAGE-ONLY ACCIDENT),"SIDESWIPE, SAME DIRECTION",45.25949031,-111.6788111,6.729620913,12.99236753
C000013N,043+0.540,NOT IN CITY LIMITS,MADISON,APRIL,2017,22:45,SAT,NON-JUNCTION,ON ROADWAY,CLOUDY,DRY,DARK-LIGHTED,POSSIBLE INJURY ACCIDENT,WILD ANIMAL,45.28399534,-111.6818152,5.138722317,12.64091823
C000013N,043+0.627,VIRGINIA CITY,MADISON,October,2016,7:35,MON,NON-JUNCTION,ON ROADWAY,CLOUDY,DRY,DAWN,NON-INJURY ACCIDENT (PROPERTY- DAMAGE-ONLY ACCIDENT),WILD ANIMAL,45.28508646,-111.6824585,5.057573494,12.6056255