MDT_CORRIDOR_ID,SMS_REFPOST_OFFSET,CITY,COUNTY,Month,Year,SMS_TIME,SMT_CRASH_OCC_DAY_OF_WEEK,JUNCTION_RELATED,ROADWAY_RELATED,WEATHER_COND,ROAD_COND,LIGHT_COND,CRASH_SEVERITY,COLLISION_TYPE,LATITUDE,LONGITUDE,Ennis Distance,Virginia City Distance
C000013N,043+0.671,NOT IN CITY LIMITS,MADISON,JULY,2017,0:10,TUE,NON-JUNCTION,ON ROADWAY,CLEAR,DRY,DARK-NOT LIGHTED,NON-INCAPACITATING EVIDENT INJURY ACCIDENT,WILD ANIMAL,45.28571727,-111.6828955,5.009143193,12.58225804
C000013N,043+0.795,,MADISON,April,2016,22:25,THU,NON-JUNCTION,ON ROADWAY,CLEAR,DRY,DARK-NOT LIGHTED,NON-INJURY ACCIDENT (PROPERTY- DAMAGE-ONLY ACCIDENT),WILD ANIMAL,45.2873666,-111.6838201,4.887639988,12.53243299
C000013N,044+0.221,,MADISON,September,2015,5:20,TUE,NON-JUNCTION,ON ROADWAY,CLOUDY,WET,DARK-NOT LIGHTED,POSSIBLE INJURY ACCIDENT,RIGHT ANGLE,45.29299807,-111.687262,4.466365497,12.35611285
C000013N,044+0.277,,MADISON,January,2016,3:05,SUN,NON-JUNCTION,ON ROADWAY,CLOUDY,DRY,DARK-NOT LIGHTED,NON-INJURY ACCIDENT (PROPERTY- DAMAGE-ONLY ACCIDENT),WILD ANIMAL,45.29368667,-111.6879033,4.409610089,12.32466593
C000013N,044+0.345,,MADISON,December,2014,17:25,MON,NON-JUNCTION,ON ROADWAY,CLEAR,DRY,DAYLIGHT,NON-INJURY ACCIDENT (PROPERTY- DAMAGE-ONLY ACCIDENT),WILD ANIMAL,45.2944898,-111.68866,4.343210998,12.28779591
C000013N,045+0.279,,MADISON,May,2016,5:30,TUE,NON-JUNCTION,ON ROADWAY,CLEAR,DRY,DAWN,NON-INJURY ACCIDENT (PROPERTY- DAMAGE-ONLY ACCIDENT),OTHER,45.30736,-111.6948214,3.425863408,12.02189415
C000013N,045+0.778,,MADISON,May,2015,22:28,TUE,NON-JUNCTION,ON ROADWAY,CLEAR,DRY,DARK-NOT LIGHTED,NON-INJURY ACCIDENT (PROPERTY- DAMAGE-ONLY ACCIDENT),WILD ANIMAL,45.31420161,-111.697925,2.948367481,11.91660061
C000013N,046+0.153,VIRGINIA CITY,MADISON,May,2016,5:15,SUN,NON-JUNCTION,ON ROADWAY,CLEAR,DRY,DAWN,NON-INJURY ACCIDENT (PROPERTY- DAMAGE-ONLY ACCIDENT),WILD ANIMAL,45.31950007,-111.6992678,2.614930251,11.89970463
C000013N,046+0.388,,MADISON,November,2015,7:00,MON,NON-JUNCTION,ON ROADWAY,CLOUDY,DRY,DAYLIGHT,POSSIBLE INJURY ACCIDENT,WILD ANIMAL,45.32292607,-111.6989422,2.443644671,11.95216096
C000013N,047+0.180,,MADISON,May,2013,6:35,SAT,INTERSECTION-RELATED,ROADSIDE RIGHT,CLOUDY,DRY,DAYLIGHT,INCAPACITATING INJURY ACCIDENT,ROLL OVER,45.33409385,-111.7015863,1.831785924,11.97850392
C000013N,047+0.702,,MADISON,October,2016,7:15,SAT,NON-JUNCTION,ON ROADWAY,CLOUDY,DRY,DAYLIGHT,POSSIBLE INJURY ACCIDENT,WILD ANIMAL,45.33917815,-111.7094514,1.319306665,11.69512161
C000013N,047+0.990,,MADISON,October,2013,19:05,THU,INTERSECTION,ON ROADWAY,CLEAR,DRY,DARK-NOT LIGHTED,NON-INJURY ACCIDENT (PROPERTY- DAMAGE-ONLY ACCIDENT),REAR-END,45.34191367,-111.7140276,1.031649288,11.53341998
C000013N,048+0.384,,MADISON,June,2016,22:11,THU,NON-JUNCTION,ON ROADWAY,CLEAR,DRY,DARK-NOT LIGHTED,NON-INJURY ACCIDENT (PROPERTY- DAMAGE-ONLY ACCIDENT),DOMESTIC ANIMAL,45.34558136,-111.7202074,0.649745749,11.32278984
C000013N,048+0.480,,MADISON,July,2013,22:11,MON,NON-JUNCTION,ON ROADWAY,CLOUDY,DRY,DARK-NOT LIGHTED,NON-INJURY ACCIDENT (PROPERTY- DAMAGE-ONLY ACCIDENT),"SIDESWIPE, SAME DIRECTION",45.34664693,-111.7216432,0.558212417,11.2799732
C000013N,048+0.693,ENNIS,MADISON,December,2015,4:00,WED,NON-JUNCTION,OFF ROADWAY LOCATION UNKNOWN,SNOW,SNOW,DARK-LIGHTED,NON-INJURY ACCIDENT (PROPERTY- DAMAGE-ONLY ACCIDENT),NOT FIXED OBJECT OR DEBRIS,45.3488433,-111.7244534,0.392686919,11.20093591
C000013N,048+0.705,ENNIS,MADISON,December,2015,21:00,SAT,NON-JUNCTION,IN PARKING LANE OR ZONE,SNOW,SNOW,DARK-NOT LIGHTED,NON-INJURY ACCIDENT (PROPERTY- DAMAGE-ONLY ACCIDENT),"SIDESWIPE, SAME DIRECTION",45.34889229,-111.7246996,0.380521308,11.19081882
C000013N,048+0.730,ENNIS,MADISON,JUNE,2017,15:15,SAT,NON-JUNCTION,OUTSIDE RIGHT-OF-WAY (TRAFFICWAY),CLOUDY,DRY,DAYLIGHT,NON-INJURY ACCIDENT (PROPERTY- DAMAGE-ONLY ACCIDENT),FIXED OBJECT,45.34892336,-111.7252155,0.355382591,11.16796183
C000013N,048+0.743,ENNIS,MADISON,October,2014,4:45,THU,NON-JUNCTION,ON ROADWAY,CLEAR,DRY,DARK-NOT LIGHTED,NON-INJURY ACCIDENT (PROPERTY- DAMAGE-ONLY ACCIDENT),OTHER,45.34889217,-111.7255519,0.339243148,11.15186016
C000013N,048+0.802,ENNIS,MADISON,JULY,2017,14:25,FRI,NON-JUNCTION,IN PARKING LANE OR ZONE,CLEAR,DRY,DAYLIGHT,UNKNOWN,OTHER,45.34877416,-111.726786,0.280400431,11.09271572
C000013N,048+0.917,ENNIS,MADISON,July,2016,13:30,MON,NON-JUNCTION,IN PARKING LANE OR ZONE,CLEAR,DRY,DAYLIGHT,NON-INJURY ACCIDENT (PROPERTY- DAMAGE-ONLY ACCIDENT),REAR TO REAR,45.34873817,-111.7291796,0.166157265,10.98260135
C000013N,048+0.924,ENNIS,MADISON,November,2015,9:48,SAT,NON-JUNCTION,IN PARKING LANE OR ZONE,CLOUDY,DRY,DAYLIGHT,NON-INJURY ACCIDENT (PROPERTY- DAMAGE-ONLY ACCIDENT),OTHER,45.3488686,-111.7292818,0.159523576,10.98103013
C000013N,048+0.924,ENNIS,MADISON,MARCH,2017,18:16,SAT,NON-JUNCTION,IN PARKING LANE OR ZONE,CLEAR,DRY,DUSK,NON-INJURY ACCIDENT (PROPERTY- DAMAGE-ONLY ACCIDENT),REAR TO REAR,45.34886513,-111.7292371,0.161703046,10.98298642
C000013N,048+0.930,ENNIS,MADISON,August,2016,10:40,MON,NON-JUNCTION,ROADSIDE RIGHT,CLEAR,DRY,DAYLIGHT,NON-INJURY ACCIDENT (PROPERTY- DAMAGE-ONLY ACCIDENT),"SIDESWIPE, SAME DIRECTION",45.34877473,-111.7293856,0.155844012,10.9740701
C000013N,049+0.016,ENNIS,MADISON,May,2015,0:50,SUN,NON-JUNCTION,ROADSIDE LEFT,CLEAR,DRY,DARK-LIGHTED,INCAPACITATING INJURY ACCIDENT,FIXED OBJECT,45.3491776,-111.7313216,0.058414593,10.89546971
C000013N,049+0.041,ENNIS,MADISON,July,2014,4:30,SAT,INTERSECTION,ON ROADWAY,CLEAR,DRY,DARK-LIGHTED,NON-INJURY ACCIDENT (PROPERTY- DAMAGE-ONLY ACCIDENT),FIXED OBJECT,45.34939686,-111.7317115,0.04019188,10.88301351
C000013N,049+0.080,,MADISON,December,2016,16:37,SUN,NON-JUNCTION,ROADSIDE LEFT,CLOUDY,SNOW,DAYLIGHT,NON-INJURY ACCIDENT (PROPERTY- DAMAGE-ONLY ACCIDENT),FIXED OBJECT,45.31666667,111.8333333,5631.421592,5629.758393
C000013N,049+0.098,ENNIS,MADISON,June,2016,21:11,WED,NON-JUNCTION,IN PARKING LANE OR ZONE,CLOUDY,DRY,DUSK,NON-INJURY ACCIDENT (PROPERTY- DAMAGE-ONLY ACCIDENT),REAR TO SIDE,45.34986561,-111.7330909,0.049902265,10.83173073
C000013N,049+0.110,ENNIS,MADISON,June,2015,14:14,FRI,ENTRANCE/EXIT RAMP,ON ROADWAY,CLOUDY,DRY,DAYLIGHT,POSSIBLE INJURY ACCIDENT,"SIDESWIPE, SAME DIRECTION",45.350165,-111.732625,0.062331815,10.86022332
C000013N,049+0.172,ENNIS,MADISON,October,2015,2:38,SAT,NON-JUNCTION,ROADSIDE LEFT,CLEAR,DRY,DARK-LIGHTED,NON-INJURY ACCIDENT (PROPERTY- DAMAGE-ONLY ACCIDENT),FIXED OBJECT,45.35108234,-111.7325483,0.125505592,10.88638927
C000013N,049+0.178,ENNIS,MADISON,June,2014,18:25,WED,INTERSECTION-RELATED,ON ROADWAY,CLEAR,DRY,DAYLIGHT,NON-INJURY ACCIDENT (PROPERTY- DAMAGE-ONLY ACCIDENT),REAR-END,45.35133584,-111.7325501,0.14302062,10.89263327
C000013N,049+0.178,,MADISON,June,2015,11:00,SUN,NON-JUNCTION,ON ROADWAY,CLOUDY,DRY,DAYLIGHT,NON-INJURY ACCIDENT (PROPERTY- DAMAGE-ONLY ACCIDENT),FIXED OBJECT,44.93874463,-111.6097921,28.98797487,29.39985774
C000013N,049+0.203,ENNIS,MADISON,SEPTEMBER,2017,14:00,SAT,NON-JUNCTION,ON ROADWAY,CLEAR,DRY,DAYLIGHT,NON-INJURY ACCIDENT (PROPERTY- DAMAGE-ONLY ACCIDENT),"SIDESWIPE, SAME DIRECTION",45.35157601,-111.7325586,0.159618444,10.89826422
C000013N,049+0.290,ENNIS,MADISON,July,2013,13:10,SAT,DRIVEWAY/ALLEY ACCESS RELATED,ON ROADWAY,CLEAR,DRY,DAYLIGHT,NON-INJURY ACCIDENT (PROPERTY- DAMAGE-ONLY ACCIDENT),REAR-END,45.35287167,-111.732595,0.24915578,10.9294532
C000013N,049+0.346,ENNIS,MADISON,MARCH,2017,19:53,SAT,NON-JUNCTION,ON ROADWAY,CLEAR,DRY,DARK-NOT LIGHTED,NON-INJURY ACCIDENT (PROPERTY- DAMAGE-ONLY ACCIDENT),WILD ANIMAL,45.35363577,-111.7324938,0.301924222,10.95367086
C000013N,049+0.358,NOT IN CITY LIMITS,MADISON,MAY,2017,16:45,WED,DRIVEWAY/ALLEY ACCESS RELATED,ROADSIDE RIGHT,CLEAR,DRY,DAYLIGHT,NON-INJURY ACCIDENT (PROPERTY- DAMAGE-ONLY ACCIDENT),REAR TO FRONT,45.68527778,111.7325,5611.602318,5609.984994
C000013N,049+0.365,NOT IN CITY LIMITS,MADISON,FEBRUARY,2017,18:50,MON,NON-JUNCTION,ON ROADWAY,CLEAR,DRY,DARK-NOT LIGHTED,NON-INJURY ACCIDENT (PROPERTY- DAMAGE-ONLY ACCIDENT),"SIDESWIPE, SAME DIRECTION",45.35387593,-111.7323232,0.318655799,10.96757028
C000013N,049+0.370,,MADISON,September,2015,14:00,TUE,DRIVEWAY/ALLEY ACCESS RELATED,ON ROADWAY,CLOUDY,DRY,DAYLIGHT,NON-INCAPACITATING EVIDENT INJURY ACCIDENT,REAR-END,45.35399108,-111.7326028,0.326497448,10.95798102
C000013N,049+0.389,,MADISON,April,2014,18:40,TUE,INTERSECTION-RELATED,ON ROADWAY,CLOUDY,DRY,DAYLIGHT,NON-INJURY ACCIDENT (PROPERTY- DAMAGE-ONLY ACCIDENT),OTHER,45.35422809,-111.7325058,0.342847805,10.96851681
C000013N,049+0.389,,MADISON,July,2015,12:12,FRI,NON-JUNCTION,IN PARKING LANE OR ZONE,CLOUDY,DRY,DAYLIGHT,NON-INJURY ACCIDENT (PROPERTY- DAMAGE-ONLY ACCIDENT),FIXED OBJECT,45.35422166,-111.7332273,0.344130749,10.93591822
C000013N,049+0.451,ENNIS,MADISON,July,2014,14:15,WED,INTERSECTION-RELATED,ON ROADWAY,CLEAR,DRY,DAYLIGHT,NON-INJURY ACCIDENT (PROPERTY- DAMAGE-ONLY ACCIDENT),REAR-END,45.35546597,-111.7336856,0.432111709,10.94823142
C000013N,049+0.687,ENNIS,MADISON,JULY,2017,21:53,TUE,NON-JUNCTION,ON ROADWAY,CLEAR,DRY,DARK-NOT LIGHTED,NON-INJURY ACCIDENT (PROPERTY- DAMAGE-ONLY ACCIDENT),WILD ANIMAL,45.35851125,-111.7319486,0.639383041,11.1084341
C000013N,050+0.059,NOT IN CITY LIMITS,MADISON,APRIL,2017,12:15,THU,NON-JUNCTION,ROADSIDE LEFT,CLOUDY,DRY,DAYLIGHT,FATAL ACCIDENT,ROLL OVER,45.36299414,-111.7311288,0.950917871,11.27182851
C000013N,050+0.102,,MADISON,August,2015,16:30,TUE,INTERSECTION,ON ROADWAY,CLEAR,DRY,DAYLIGHT,NON-INCAPACITATING EVIDENT INJURY ACCIDENT,HEAD ON,45.36355622,-111.7310902,0.989789332,11.28993517
C000013N,050+0.227,,MADISON,January,2015,7:37,TUE,NON-JUNCTION,ON ROADWAY,CLOUDY,DRY,DAWN,NON-INJURY ACCIDENT (PROPERTY- DAMAGE-ONLY ACCIDENT),WILD ANIMAL,45.36539904,-111.7308601,1.117587784,11.35456203
C000013N,050+0.910,,MADISON,November,2013,16:14,SAT,NON-JUNCTION,ON ROADWAY,CLEAR,WET,DAYLIGHT,FATAL ACCIDENT,HEAD ON,45.37534881,-111.7306114,1.804523395,11.67907677
C000013N,051+0.695,,MADISON,May,2016,12:07,TUE,NON-JUNCTION,ON ROADWAY,CLOUDY,DRY,DAYLIGHT,NON-INJURY ACCIDENT (PROPERTY- DAMAGE-ONLY ACCIDENT),REAR-END,45.38662429,-111.7307514,2.582632512,12.06625709
C000013N,052+0.283,,MADISON,June,2016,15:50,FRI,NON-JUNCTION,ON ROADWAY,CLEAR,DRY,DAYLIGHT,NON-INCAPACITATING EVIDENT INJURY ACCIDENT,OTHER,45.39516818,-111.730759,3.172683191,12.38819406
C000013N,053+0.120,,MADISON,May,2015,16:05,SUN,INTERSECTION,ON ROADWAY,CLOUDY,DRY,DAYLIGHT,NON-INJURY ACCIDENT (PROPERTY- DAMAGE-ONLY ACCIDENT),"SIDESWIPE, SAME DIRECTION",45.40726829,-111.7308093,4.008428937,12.87517956
C000013N,053+0.200,,MADISON,December,2016,21:45,TUE,NON-JUNCTION,ON ROADWAY,CLEAR,ICE/FROST,DARK-NOT LIGHTED,NON-INCAPACITATING EVIDENT INJURY ACCIDENT,ROLL OVER,45.4084381,-111.730821,4.089226549,12.92389185
C000013N,053+0.534,,MADISON,April,2015,17:11,THU,NON-JUNCTION,ROADSIDE RIGHT,CLEAR,DRY,DAYLIGHT,NON-INJURY ACCIDENT (PROPERTY- DAMAGE-ONLY ACCIDENT),FIXED OBJECT,45.41325498,-111.7309596,4.421858149,13.12439266
C000013N,053+0.634,NOT IN CITY LIMITS,MADISON,AUGUST,2017,13:30,WED,NON-JUNCTION,ON ROADWAY,CLOUDY,DRY,DAYLIGHT,NON-INJURY ACCIDENT (PROPERTY- DAMAGE-ONLY ACCIDENT),FIRE/ EXPLOSION,45.41468178,-111.730953,4.520431752,13.18660437
C000013N,053+0.640,NOT IN CITY LIMITS,MADISON,JANUARY,2017,5:40,MON,NON-JUNCTION,ON ROADWAY,CLEAR,DRY,DARK-NOT LIGHTED,NON-INJURY ACCIDENT (PROPERTY- DAMAGE-ONLY ACCIDENT),WILD ANIMAL,45.4147703,-111.7310252,4.526489597,13.18774699
C000013N,054+0.171,,MADISON,August,2015,21:20,THU,INTERSECTION,ON ROADWAY,CLEAR,DRY,DARK-LIGHTED,NON-INJURY ACCIDENT (PROPERTY- DAMAGE-ONLY ACCIDENT),FIXED OBJECT,45.4225094,-111.7311754,5.061049343,13.52611598
C000013N,054+0.196,NOT IN CITY LIMITS,MADISON,JULY,2017,8:00,TUE,NON-JUNCTION,ON ROADWAY,CLEAR,DRY,DAYLIGHT,NON-INJURY ACCIDENT (PROPERTY- DAMAGE-ONLY ACCIDENT),WILD ANIMAL,45.42291812,-111.7311514,5.089301879,13.54550668
C000013N,054+0.877,VIRGINIA CITY,MADISON,December,2016,18:30,TUE,NON-JUNCTION,ROADSIDE LEFT,SNOW,ICE/FROST,DARK-NOT LIGHTED,NON-INJURY ACCIDENT (PROPERTY- DAMAGE-ONLY ACCIDENT),FIXED OBJECT,45.43259317,-111.7314126,5.757601001,13.98394064
C000013N,055+0.604,,MADISON,November,2014,17:55,SUN,NON-JUNCTION,ON ROADWAY,CLOUDY,DRY,DARK-LIGHTED,NON-INJURY ACCIDENT (PROPERTY- DAMAGE-ONLY ACCIDENT),WILD ANIMAL,45.44334988,-111.7314973,6.500756643,14.49906725
C000013N,055+0.667,,MADISON,November,2014,18:40,MON,NON-JUNCTION,ON ROADWAY,CLEAR,DRY,DARK-NOT LIGHTED,NON-INJURY ACCIDENT (PROPERTY- DAMAGE-ONLY ACCIDENT),WILD ANIMAL,45.44418,-111.7317,6.558043853,14.53296838
C000013N,056+0.415,NOT IN CITY LIMITS,MADISON,NOVEMBER,2017,17:42,SUN,NON-JUNCTION,ON ROADWAY,CLOUDY,DRY,DARK-NOT LIGHTED,NON-INJURY ACCIDENT (PROPERTY- DAMAGE-ONLY ACCIDENT),WILD ANIMAL,45.45378407,-111.7315452,7.221655093,15.01815171
C000013N,056+0.514,,MADISON,April,2016,6:50,WED,NON-JUNCTION,ON ROADWAY,UNKNOWN,DRY,DAYLIGHT,NON-INJURY ACCIDENT (PROPERTY- DAMAGE-ONLY ACCIDENT),WILD ANIMAL,45.45519495,-111.7311791,7.319271487,15.10182974
C000013N,056+0.917,,MADISON,June,2014,21:15,SAT,NON-JUNCTION,ON ROADWAY,CLEAR,DRY,DUSK,NON-INJURY ACCIDENT (PROPERTY- DAMAGE-ONLY ACCIDENT),WILD ANIMAL,45.46104708,-111.7300863,7.724227168,15.43711509
C000013N,056+0.935,,MADISON,November,2016,5:54,WED,NON-JUNCTION,ON ROADWAY,CLEAR,DRY,DARK-LIGHTED,NON-INJURY ACCIDENT (PROPERTY- DAMAGE-ONLY ACCIDENT),WILD ANIMAL,45.46128926,-111.7300204,7.741007612,15.45173173
C000013N,056+1.000,,MADISON,December,2013,19:34,MON,NON-JUNCTION,OFF ROADWAY LOCATION UNKNOWN,SNOW,ICE/FROST,DARK-LIGHTED,NON-INJURY ACCIDENT (PROPERTY- DAMAGE-ONLY ACCIDENT),ROLL OVER,45.4622227,-111.7299494,7.805548454,15.5022322
C000013N,057+0.202,,MADISON,March,2014,16:50,SAT,NON-JUNCTION,ON ROADWAY,CLOUDY,ICE/FROST,DAYLIGHT,NON-INJURY ACCIDENT (PROPERTY- DAMAGE-ONLY ACCIDENT),FIXED OBJECT,45.46554004,-111.7277768,8.037051179,15.74377309
C000013N,057+0.278,,MADISON,October,2016,17:35,FRI,NON-JUNCTION,ON ROADWAY,CLOUDY,DRY,DAYLIGHT,NON-INJURY ACCIDENT (PROPERTY- DAMAGE-ONLY ACCIDENT),WILD ANIMAL,45.46652433,-111.7267657,8.106571308,15.82720687
C000013N,057+0.350,,MADISON,October,2013,14:30,THU,NON-JUNCTION,ON ROADWAY,BLOWING SNOW,ICE/FROST,DAYLIGHT,POSSIBLE INJURY ACCIDENT,REAR-END,45.46701693,-111.7254829,8.142956849,15.89380008
C000013N,057+0.555,,MADISON,December,2014,20:30,TUE,NON-JUNCTION,ON ROADWAY,CLEAR,SNOW,DARK-LIGHTED,NON-INJURY ACCIDENT (PROPERTY- DAMAGE-ONLY ACCIDENT),FIXED OBJECT,45.46907167,-111.7225133,8.291985003,16.09544265
C000013N,058+0.337,,MADISON,June,2016,23:30,SAT,NON-JUNCTION,ON ROADWAY,CLEAR,DRY,DARK-NOT LIGHTED,NON-INJURY ACCIDENT (PROPERTY- DAMAGE-ONLY ACCIDENT),ROLL OVER,45.47791264,-111.7122481,8.942829392,16.88258927
C000013N,058+0.750,,MADISON,February,2013,0:01,TUE,NON-JUNCTION,ROADSIDE LEFT,CLOUDY,ICE/FROST,DARK-NOT LIGHTED,NON-INCAPACITATING EVIDENT INJURY ACCIDENT,ROLL OVER,45.48262167,-111.7067167,9.298574086,17.3038887
C000013N,058+0.883,,MADISON,September,2015,19:25,FRI,NON-JUNCTION,ROADSIDE LEFT,CLEAR,DRY,DUSK,POSSIBLE INJURY ACCIDENT,ROLL OVER,45.48390907,-111.7051045,9.397464717,17.4222597
C000013N,058+0.943,NOT IN CITY LIMITS,MADISON,MAY,2017,14:11,SUN,NON-JUNCTION,ROADSIDE RIGHT,RAIN,WATER (STANDING MOVING),DAYLIGHT,NON-INJURY ACCIDENT (PROPERTY- DAMAGE-ONLY ACCIDENT),FIXED OBJECT,45.48469827,-111.7044761,9.455781884,17.48333093
C000013N,059+0.309,,MADISON,February,2014,12:02,WED,NON-JUNCTION,ON ROADWAY,CLEAR,SNOW,DAYLIGHT,NON-INJURY ACCIDENT (PROPERTY- DAMAGE-ONLY ACCIDENT),REAR-END,45.48958803,-111.70191,9.808292765,17.81984534
C000013N,059+0.631,,MADISON,January,2015,7:35,THU,NON-JUNCTION,SHOULDER,CLEAR,ICE/FROST,DAWN,POSSIBLE INJURY ACCIDENT,FIXED OBJECT,45.4931367,-111.6978723,10.08149868,18.13324472
C000013N,059+0.700,,MADISON,February,2013,17:00,MON,NON-JUNCTION,ROADSIDE RIGHT,CLOUDY,ICE/FROST,DAYLIGHT,NON-INJURY ACCIDENT (PROPERTY- DAMAGE-ONLY ACCIDENT),FIXED OBJECT,45.49394337,-111.6968087,10.14513405,18.20909517
C000013N,059+0.798,,MADISON,October,2014,10:45,THU,NON-JUNCTION,ON ROADWAY,SEVERE CROSSWINDS,DRY,DAYLIGHT,NON-INJURY ACCIDENT (PROPERTY- DAMAGE-ONLY ACCIDENT),FIRE/ EXPLOSION,45.49527252,-111.6963809,10.23916054,18.29222689
C000013N,059+0.820,,MADISON,October,2013,7:54,MON,NON-JUNCTION,SHOULDER,SNOW,SNOW,DAYLIGHT,NON-INJURY ACCIDENT (PROPERTY- DAMAGE-ONLY ACCIDENT),FIXED OBJECT,45.49570438,-111.6964137,10.26828768,18.31384781
C000013N,060+0.043,NOT IN CITY LIMITS,MADISON,FEBRUARY,2017,7:50,FRI,NON-JUNCTION,ON ROADWAY,CLOUDY,ICE/FROST,DAYLIGHT,NON-INJURY ACCIDENT (PROPERTY- DAMAGE-ONLY ACCIDENT),FIXED OBJECT,45.4988029,-111.69663,10.47754773,18.47024401
C000013N,060+0.220,,MADISON,February,2013,13:15,FRI,NON-JUNCTION,ROADSIDE RIGHT,BLOWING SNOW,ICE/FROST,DAYLIGHT,NON-INCAPACITATING EVIDENT INJURY ACCIDENT,FIXED OBJECT,45.50106167,-111.6948,10.64635783,18.64672749
C000013N,060+0.300,,MADISON,November,2015,6:40,FRI,NON-JUNCTION,OUTSIDE RIGHT-OF-WAY (TRAFFICWAY),CLOUDY,ICE/FROST,DARK-LIGHTED,NON-INCAPACITATING EVIDENT INJURY ACCIDENT,ROLL OVER,45.50186167,-111.6937433,10.70969007,18.72196479
C000013N,060+0.324,,MADISON,July,2016,10:00,MON,NON-JUNCTION,ON ROADWAY,CLEAR,DRY,DAYLIGHT,NON-INJURY ACCIDENT (PROPERTY- DAMAGE-ONLY ACCIDENT),WILD ANIMAL,45.50227926,-111.693636,10.73900688,18.74740629
C000013N,060+0.642,NOT IN CITY LIMITS,MADISON,APRIL,2017,9:50,SAT,NON-JUNCTION,ROADSIDE RIGHT,CLEAR,ICE/FROST,DAYLIGHT,NON-INJURY ACCIDENT (PROPERTY- DAMAGE-ONLY ACCIDENT),ROLL OVER,45.50667906,-111.6929123,11.04444604,19.00360813
C000013N,060+0.947,,MADISON,March,2014,15:50,MON,NON-JUNCTION,ROADSIDE RIGHT,SNOW,SNOW,DAYLIGHT,NON-INJURY ACCIDENT (PROPERTY- DAMAGE-ONLY ACCIDENT),FIXED OBJECT,45.51059664,-111.6903428,11.332906,19.2917925
C000013N,061+0.487,,MADISON,February,2016,8:15,SUN,NON-JUNCTION,ROADSIDE RIGHT,CLEAR,ICE/FROST,DAYLIGHT,NON-INJURY ACCIDENT (PROPERTY- DAMAGE-ONLY ACCIDENT),ROLL OVER,45.51763734,-111.6873079,11.83805171,19.76242452
C000013N,062+0.308,,MADISON,April,2015,17:00,MON,NON-JUNCTION,SHOULDER,SNOW,SLUSH,DAYLIGHT,NON-INCAPACITATING EVIDENT INJURY ACCIDENT,FIXED OBJECT,45.52617,-111.6982,12.33560423,19.90833176
C000013N,062+0.720,,MADISON,February,2013,13:14,SUN,DRIVEWAY/ALLEY ACCESS RELATED,ON ROADWAY,CLEAR,SLUSH,DAYLIGHT,NON-INJURY ACCIDENT (PROPERTY- DAMAGE-ONLY ACCIDENT),"RIGHT TURN, SAME DIRECTION",45.53204566,-111.6996159,12.72918649,20.19641197
C000013N,062+0.928,,MADISON,December,2015,9:15,WED,NON-JUNCTION,ROADSIDE RIGHT,CLOUDY,ICE/FROST,DAYLIGHT,NON-INJURY ACCIDENT (PROPERTY- DAMAGE-ONLY ACCIDENT),FIXED OBJECT,45.53502167,-111.7001,12.93033537,20.35045031
C000013N,063+0.163,,MADISON,January,2014,1:30,THU,NON-JUNCTION,ROADSIDE LEFT,CLEAR,DRY,DARK-NOT LIGHTED,FATAL ACCIDENT,ROLL OVER,45.538225,-111.6998633,13.15142163,20.53824334
C000013N,064+0.020,,MADISON,June,2015,11:00,TUE,NON-JUNCTION,ON ROADWAY,CLEAR,DRY,DARK-NOT LIGHTED,NON-INJURY ACCIDENT (PROPERTY- DAMAGE-ONLY ACCIDENT),WILD ANIMAL,45.55014932,-111.6958176,13.99323091,21.32836106
C000013N,064+0.210,,MADISON,January,2013,16:19,THU,NON-JUNCTION,ROADSIDE LEFT,BLOWING SNOW,ICE/FROST,DAYLIGHT,NON-INJURY ACCIDENT (PROPERTY- DAMAGE-ONLY ACCIDENT),ROLL OVER,45.55286,-111.694755,14.18556951,21.51242398
C000013N,064+0.505,,MADISON,December,2016,0:00,TUE,NON-JUNCTION,ON ROADWAY,BLOWING SNOW,SNOW,DAYLIGHT,NON-INJURY ACCIDENT (PROPERTY- DAMAGE-ONLY ACCIDENT),REAR-END,45.55692278,-111.6933946,14.47246245,21.78240319
C000013N,064+0.770,,MADISON,December,2013,7:00,SAT,NON-JUNCTION,ROADSIDE LEFT,CLEAR,ICE/FROST,DARK-NOT LIGHTED,NON-INJURY ACCIDENT (PROPERTY- DAMAGE-ONLY ACCIDENT),ROLL OVER,45.56082124,-111.6922461,14.74679599,22.03772338
C000013N,065+0.184,NOT IN CITY LIMITS,MADISON,SEPTEMBER,2017,11:33,MON,NON-JUNCTION,ROADSIDE RIGHT,CLOUDY,DRY,DAYLIGHT,NON-INJURY ACCIDENT (PROPERTY- DAMAGE-ONLY ACCIDENT),FIXED OBJECT,45.566526,-111.6904532,15.14901448,22.41513213