MDT_CORRIDOR_ID,SMS_REFPOST_OFFSET,CITY,COUNTY,Month,Year,SMS_TIME,SMT_CRASH_OCC_DAY_OF_WEEK,JUNCTION_RELATED,ROADWAY_RELATED,WEATHER_COND,ROAD_COND,LIGHT_COND,CRASH_SEVERITY,COLLISION_TYPE,LATITUDE,LONGITUDE,Ennis Distance,Virginia City Distance
C000013N,065+0.410,,MADISON,January,2013,14:00,THU,DRIVEWAY/ALLEY ACCESS RELATED,ON ROADWAY,SNOW,SNOW,DAYLIGHT,NON-INJURY ACCIDENT (PROPERTY- DAMAGE-ONLY ACCIDENT),OTHER,45.56990538,-111.690682,15.3789414,22.60539381
C000013N,065+0.438,,MADISON,July,2014,17:00,FRI,NON-JUNCTION,ON ROADWAY,CLOUDY,DRY,DAYLIGHT,UNKNOWN,REAR-END,45.57012868,-111.6907453,15.39383115,22.61673873
C000013N,066+0.152,,MADISON,October,2015,23:30,SAT,NON-JUNCTION,ON ROADWAY,CLEAR,DRY,DARK-NOT LIGHTED,NON-INJURY ACCIDENT (PROPERTY- DAMAGE-ONLY ACCIDENT),WILD ANIMAL,45.57852508,-111.6984889,15.92587442,22.91229755
C000013N,068+0.003,,MADISON,August,2015,17:00,SAT,NON-JUNCTION,ON ROADWAY,"FOG, SMOG, SMOKE",DRY,DAYLIGHT,NON-INJURY ACCIDENT (PROPERTY- DAMAGE-ONLY ACCIDENT),FIXED OBJECT,45.60143,-111.71674,17.43961072,23.865577
C000013N,069+0.569,,MADISON,August,2016,22:13,FRI,NON-JUNCTION,ON ROADWAY,CLEAR,DRY,DARK-LIGHTED,NON-INJURY ACCIDENT (PROPERTY- DAMAGE-ONLY ACCIDENT),WILD ANIMAL,45.62159612,-111.7310468,18.81632821,24.81966528
C000013N,069+0.588,,MADISON,May,2015,23:00,SUN,NON-JUNCTION,ON ROADWAY,CLEAR,DRY,DARK-NOT LIGHTED,NON-INJURY ACCIDENT (PROPERTY- DAMAGE-ONLY ACCIDENT),WILD ANIMAL,45.62187614,-111.7310696,18.83567144,24.83684134
C000013N,069+0.613,,MADISON,September,2016,21:40,FRI,NON-JUNCTION,ON ROADWAY,CLEAR,DRY,DARK-LIGHTED,NON-INCAPACITATING EVIDENT INJURY ACCIDENT,WILD ANIMAL,45.62225445,-111.7312354,18.86178179,24.85736913
C000013N,069+0.668,,MADISON,December,2016,12:35,TUE,NON-JUNCTION,ROADSIDE LEFT,BLOWING SNOW,ICE/FROST,DAYLIGHT,POSSIBLE INJURY ACCIDENT,ROLL OVER,45.62295258,-111.7318716,18.90994151,24.88874933
C000013N,071+0.515,NOT IN CITY LIMITS,MADISON,DECEMBER,2017,18:10,FRI,NON-JUNCTION,ON ROADWAY,CLEAR,DRY,DARK-NOT LIGHTED,UNKNOWN,DOMESTIC ANIMAL,45.64786441,-111.7471947,20.64339692,26.19267803
C000013N,071+0.938,,MADISON,November,2015,18:27,MON,NON-JUNCTION,ROADSIDE RIGHT,CLEAR,DRY,DARK-NOT LIGHTED,POSSIBLE INJURY ACCIDENT,FIXED OBJECT,45.65378676,-111.7494036,21.05623537,26.53704783
C000013N,072+0.383,,MADISON,October,2015,19:50,THU,UNKNOWN,ON ROADWAY,CLEAR,DRY,DARK-NOT LIGHTED,NON-INJURY ACCIDENT (PROPERTY- DAMAGE-ONLY ACCIDENT),DOMESTIC ANIMAL,45.66005669,-111.7519264,21.49411876,26.90103114
C000013N,072+0.832,,MADISON,June,2014,12:25,SUN,NON-JUNCTION,ON ROADWAY,CLOUDY,DRY,DAYLIGHT,NON-INJURY ACCIDENT (PROPERTY- DAMAGE-ONLY ACCIDENT),WILD ANIMAL,45.66514333,-111.757735,21.85914527,27.13790199
C000013N,073+0.277,NOT IN CITY LIMITS,MADISON,MARCH,2017,1:05,WED,NON-JUNCTION,ON ROADWAY,CLOUDY,DRY,DARK-NOT LIGHTED,NON-INJURY ACCIDENT (PROPERTY- DAMAGE-ONLY ACCIDENT),DOMESTIC ANIMAL,45.67056189,-111.7625561,22.24699445,27.41698935
C000013N,073+0.868,,MADISON,March,2014,6:40,MON,NON-JUNCTION,ON ROADWAY,CLOUDY,DRY,DARK-NOT LIGHTED,NON-INJURY ACCIDENT (PROPERTY- DAMAGE-ONLY ACCIDENT),WILD ANIMAL,45.67782151,-111.7691846,22.77030075,27.79504772
C000013N,075+0.150,,MADISON,February,2013,20:00,TUE,NON-JUNCTION,ON ROADWAY,CLOUDY,DRY,DARK-NOT LIGHTED,NON-INJURY ACCIDENT (PROPERTY- DAMAGE-ONLY ACCIDENT),WILD ANIMAL,45.69361667,-111.78331,23.91904749,28.64708312
C000013N,075+0.250,,MADISON,April,2015,6:30,FRI,NON-JUNCTION,ON ROADWAY,CLEAR,DRY,DAWN,NON-INJURY ACCIDENT (PROPERTY- DAMAGE-ONLY ACCIDENT),WILD ANIMAL,45.69486833,-111.7840183,24.0086058,28.7212746
C000013N,075+0.510,,MADISON,January,2014,15:00,THU,NON-JUNCTION,ON ROADWAY,CLEAR,DRY,DAYLIGHT,NON-INJURY ACCIDENT (PROPERTY- DAMAGE-ONLY ACCIDENT),"SIDESWIPE, SAME DIRECTION",45.69862,-111.7850433,24.27157374,28.95817422
C000013N,075+0.520,,MADISON,July,2013,15:10,SUN,NON-JUNCTION,ON ROADWAY,CLEAR,DRY,DAYLIGHT,NON-INJURY ACCIDENT (PROPERTY- DAMAGE-ONLY ACCIDENT),RIGHT ANGLE,45.69881,-111.7853033,24.2859498,28.96755134
C000013N,075+0.650,,MADISON,April,2016,18:35,THU,INTERSECTION,ON ROADWAY,CLOUDY,DRY,DAYLIGHT,NON-INJURY ACCIDENT (PROPERTY- DAMAGE-ONLY ACCIDENT),RIGHT ANGLE,45.70046654,-111.7859301,24.4029654,29.07014259
C000013N,076+0.018,,MADISON,January,2016,7:35,WED,NON-JUNCTION,ON ROADWAY,CLOUDY,ICE/FROST,DAYLIGHT,NON-INJURY ACCIDENT (PROPERTY- DAMAGE-ONLY ACCIDENT),WILD ANIMAL,45.70763345,-111.788373,24.90795902,29.51863519
C000013N,076+0.297,,MADISON,July,2015,19:15,WED,INTERSECTION,ON ROADWAY,CLEAR,DRY,DAYLIGHT,NON-INCAPACITATING EVIDENT INJURY ACCIDENT,"LEFT TURN, SAME DIRECTION",45.7117008,-111.7885531,25.18827047,29.78850089
C000013N,077+0.094,,MADISON,May,2016,22:40,SAT,INTERSECTION,MEDIAN,CLEAR,DRY,DARK-NOT LIGHTED,NON-INJURY ACCIDENT (PROPERTY- DAMAGE-ONLY ACCIDENT),ROLL OVER,45.72263929,-111.7840646,25.91794269,30.57440824
C000013N,077+0.930,NOT IN CITY LIMITS,MADISON,OCTOBER,2017,1:10,TUE,NON-JUNCTION,ON ROADWAY,CLEAR,DRY,DARK-NOT LIGHTED,NON-INJURY ACCIDENT (PROPERTY- DAMAGE-ONLY ACCIDENT),DOMESTIC ANIMAL,45.73392503,-111.7776555,26.66697937,31.40689854
C000013N,077+0.930,NOT IN CITY LIMITS,MADISON,OCTOBER,2017,1:25,TUE,NON-JUNCTION,ON ROADWAY,CLEAR,DRY,DARK-NOT LIGHTED,POSSIBLE INJURY ACCIDENT,DOMESTIC ANIMAL,45.73392424,-111.7776594,26.66694043,31.40679806
C000013N,078+0.347,,MADISON,January,2016,0:00,THU,NON-JUNCTION,ROADSIDE RIGHT,CLOUDY,DRY,DAYLIGHT,NON-INJURY ACCIDENT (PROPERTY- DAMAGE-ONLY ACCIDENT),ROLL OVER,45.73942429,-111.7744313,27.0335214,31.8139128
C000013N,080+0.261,,MADISON,December,2015,14:00,TUE,NON-JUNCTION,ROADSIDE RIGHT,CLOUDY,SNOW,DAYLIGHT,NON-INJURY ACCIDENT (PROPERTY- DAMAGE-ONLY ACCIDENT),ROLL OVER,44.71666667,111.4666667,5676.347266,5674.67137
C000015N,085+0.780,,MADISON,June,2013,14:35,SUN,NON-JUNCTION,ON ROADWAY,CLEAR,DRY,DAYLIGHT,NON-INJURY ACCIDENT (PROPERTY- DAMAGE-ONLY ACCIDENT),WILD ANIMAL,45.53180833,-112.7024083,48.68141206,40.39696211
C000015N,085+0.780,,MADISON,July,2013,21:10,FRI,NON-JUNCTION,ON ROADWAY,CLEAR,DRY,DUSK,POSSIBLE INJURY ACCIDENT,WILD ANIMAL,45.53182706,-112.702397,48.6812107,40.39698194
C000015N,085+0.960,,MADISON,June,2013,6:00,SUN,NON-JUNCTION,ON ROADWAY,CLEAR,DRY,DAYLIGHT,POSSIBLE INJURY ACCIDENT,WILD ANIMAL,45.53432333,-112.70092,48.65609163,40.4013485
C000015N,086+0.030,,MADISON,July,2015,5:35,MON,NON-JUNCTION,ON ROADWAY,CLOUDY,DRY,DAWN,NON-INJURY ACCIDENT (PROPERTY- DAMAGE-ONLY ACCIDENT),WILD ANIMAL,45.53523,-112.7002033,48.63871682,40.39518575
C000015N,086+0.100,,MADISON,November,2013,7:55,WED,NON-JUNCTION,ON ROADWAY,CLOUDY,WET,DAWN,NON-INJURY ACCIDENT (PROPERTY- DAMAGE-ONLY ACCIDENT),WILD ANIMAL,45.53637601,-112.7000542,48.65226578,40.42098445
C000015N,086+0.278,,MADISON,November,2015,9:20,FRI,NON-JUNCTION,ROADSIDE RIGHT,CLEAR,ICE/FROST,DAYLIGHT,POSSIBLE INJURY ACCIDENT,FIXED OBJECT,45.5383222,-112.6976869,48.57684977,40.37194792
C000015N,086+0.420,,MADISON,July,2013,8:21,FRI,NON-JUNCTION,MEDIAN,CLEAR,DRY,DAYLIGHT,INCAPACITATING INJURY ACCIDENT,ROLL OVER,45.54021752,-112.6957,48.51877718,40.33889559
C000015N,086+0.429,,MADISON,November,2016,9:00,MON,NON-JUNCTION,ROADSIDE LEFT,SNOW,ICE/FROST,DAYLIGHT,NON-INJURY ACCIDENT (PROPERTY- DAMAGE-ONLY ACCIDENT),FIXED OBJECT,45.53998181,-112.6958521,48.52154111,40.33879273
C000015N,086+0.429,NOT IN CITY LIMITS,MADISON,NOVEMBER,2017,10:40,THU,NON-JUNCTION,ROADSIDE LEFT,CLOUDY,ICE/FROST,DAYLIGHT,NON-INCAPACITATING EVIDENT INJURY ACCIDENT,ROLL OVER,45.54006086,-112.6958331,48.52210675,40.34023429
C000015N,086+0.821,,MADISON,July,2016,18:11,TUE,NON-JUNCTION,ON ROADWAY,CLEAR,DRY,DAYLIGHT,NON-INJURY ACCIDENT (PROPERTY- DAMAGE-ONLY ACCIDENT),WILD ANIMAL,45.54453645,-112.6910581,48.38292833,40.26094678
C000015N,086+0.915,,MADISON,August,2016,22:35,FRI,NON-JUNCTION,ON ROADWAY,CLEAR,DRY,DARK-NOT LIGHTED,NON-INCAPACITATING EVIDENT INJURY ACCIDENT,WILD ANIMAL,45.54582831,-112.6903917,48.37637903,40.26986255
C000015N,087+0.670,,MADISON,October,2013,9:33,TUE,NON-JUNCTION,ON ROADWAY,CLEAR,DRY,DAYLIGHT,NON-INJURY ACCIDENT (PROPERTY- DAMAGE-ONLY ACCIDENT),WILD ANIMAL,45.556355,-112.6862667,48.39040668,40.40737198
C000015N,088+0.000,,MADISON,July,2016,5:30,SAT,NON-JUNCTION,ON ROADWAY,CLEAR,DRY,DAWN,NON-INJURY ACCIDENT (PROPERTY- DAMAGE-ONLY ACCIDENT),WILD ANIMAL,45.56065301,-112.6835531,48.35197171,40.42300491
C000015N,089+0.210,,MADISON,October,2013,18:20,MON,NON-JUNCTION,ON ROADWAY,CLEAR,DRY,DAYLIGHT,NON-INJURY ACCIDENT (PROPERTY- DAMAGE-ONLY ACCIDENT),WILD ANIMAL,45.57749429,-112.6771028,48.41392725,40.68711786
C000015N,089+0.440,,MADISON,October,2013,16:00,FRI,NON-JUNCTION,ON ROADWAY,CLEAR,DRY,DAYLIGHT,NON-INCAPACITATING EVIDENT INJURY ACCIDENT,ROLL OVER,45.58061167,-112.67524,48.39810195,40.71140799
C000015N,089+0.730,,MADISON,November,2013,4:43,SAT,NON-JUNCTION,ON ROADWAY,CLOUDY,DRY,DARK-NOT LIGHTED,NON-INJURY ACCIDENT (PROPERTY- DAMAGE-ONLY ACCIDENT),WILD ANIMAL,45.58430683,-112.6724193,48.35284633,40.71607454
C000015N,091+0.420,,MADISON,October,2013,20:20,SUN,NON-JUNCTION,ON ROADWAY,CLEAR,DRY,DARK-NOT LIGHTED,NON-INJURY ACCIDENT (PROPERTY- DAMAGE-ONLY ACCIDENT),WILD ANIMAL,45.60699333,-112.6647517,48.54727033,41.18753614
C000015N,091+0.511,,MADISON,November,2016,18:35,TUE,NON-JUNCTION,ON ROADWAY,CLEAR,DRY,DARK-NOT LIGHTED,NON-INJURY ACCIDENT (PROPERTY- DAMAGE-ONLY ACCIDENT),WILD ANIMAL,45.60810234,-112.6648299,48.57853677,41.23073629
C000015N,091+0.641,NOT IN CITY LIMITS,MADISON,APRIL,2017,20:00,TUE,NON-JUNCTION,ROADSIDE RIGHT,SLEET/HAIL/FREEZING RAIN/DRIZZLE,SLUSH,DUSK,NON-INJURY ACCIDENT (PROPERTY- DAMAGE-ONLY ACCIDENT),ROLL OVER,45.60991667,-112.6655483,48.65647796,41.32592241
C000015N,091+0.659,,MADISON,January,2014,20:10,SAT,NON-JUNCTION,ROADSIDE RIGHT,SEVERE CROSSWINDS,ICE/FROST,DARK-NOT LIGHTED,NON-INJURY ACCIDENT (PROPERTY- DAMAGE-ONLY ACCIDENT),ROLL OVER,45.61020667,-112.6656883,48.67008913,41.34219018
C000015N,092+0.626,NOT IN CITY LIMITS,MADISON,AUGUST,2017,22:00,WED,NON-JUNCTION,ON ROADWAY,CLEAR,DRY,DARK-NOT LIGHTED,NON-INJURY ACCIDENT (PROPERTY- DAMAGE-ONLY ACCIDENT),WILD ANIMAL,45.62345744,-112.6724261,49.31286433,42.10397271
C000015N,092+0.740,,MADISON,November,2013,22:00,TUE,NON-JUNCTION,ON ROADWAY,CLEAR,DRY,DARK-NOT LIGHTED,NON-INJURY ACCIDENT (PROPERTY- DAMAGE-ONLY ACCIDENT),WILD ANIMAL,45.62486333,-112.6741433,49.42648503,42.22613401
C000015S,085+0.757,,MADISON,October,2014,13:15,MON,NON-JUNCTION,ROADSIDE LEFT,CLEAR,DRY,DAYLIGHT,NON-INJURY ACCIDENT (PROPERTY- DAMAGE-ONLY ACCIDENT),FIXED OBJECT,45.53165608,-112.7029571,48.70444757,40.41705485
C000015S,085+0.813,,MADISON,June,2015,9:20,SUN,NON-JUNCTION,ON ROADWAY,CLEAR,DRY,DAYLIGHT,NON-INCAPACITATING EVIDENT INJURY ACCIDENT,REAR-END,45.53236,-112.7026,48.70005302,40.42080062
C000015S,086+0.040,,MADISON,September,2016,2:30,SAT,NON-JUNCTION,ON ROADWAY,CLEAR,DRY,DARK-NOT LIGHTED,NON-INJURY ACCIDENT (PROPERTY- DAMAGE-ONLY ACCIDENT),WILD ANIMAL,45.53568609,-112.7007372,48.67182624,40.43164058
C000015S,086+0.189,,MADISON,December,2016,15:15,FRI,NON-JUNCTION,ON ROADWAY,CLOUDY,ICE/FROST,DAYLIGHT,NON-INCAPACITATING EVIDENT INJURY ACCIDENT,REAR-END,45.53748242,-112.6992619,48.63518072,40.41742844
C000015S,086+0.225,NOT IN CITY LIMITS,MADISON,FEBRUARY,2017,10:22,WED,NON-JUNCTION,ROADSIDE LEFT,CLOUDY,ICE/FROST,DAYLIGHT,NON-INJURY ACCIDENT (PROPERTY- DAMAGE-ONLY ACCIDENT),REAR TO REAR,45.53791102,-112.6986626,48.61494701,40.40321047
C000015S,086+0.232,NOT IN CITY LIMITS,MADISON,FEBRUARY,2017,9:00,WED,NON-JUNCTION,ROADSIDE LEFT,CLOUDY,SNOW,DAYLIGHT,NON-INCAPACITATING EVIDENT INJURY ACCIDENT,FIXED OBJECT,45.53800433,-112.6985744,48.61251968,40.40198347
C000015S,086+0.646,,MADISON,December,2015,8:15,MON,NON-JUNCTION,ROADSIDE RIGHT,SNOW,ICE/FROST,DAYLIGHT,NON-INJURY ACCIDENT (PROPERTY- DAMAGE-ONLY ACCIDENT),FIXED OBJECT,45.54242941,-112.6930436,48.43588141,40.28630946
C000015S,087+0.108,NOT IN CITY LIMITS,MADISON,APRIL,2017,16:45,SAT,NON-JUNCTION,ROADSIDE RIGHT,SNOW,SLUSH,DAYLIGHT,NON-INJURY ACCIDENT (PROPERTY- DAMAGE-ONLY ACCIDENT),FIXED OBJECT,45.54889572,-112.6904237,48.43657916,40.36235802
C000015S,087+0.251,,MADISON,October,2016,8:00,SAT,NON-JUNCTION,ON ROADWAY,CLOUDY,DRY,DAYLIGHT,NON-INJURY ACCIDENT (PROPERTY- DAMAGE-ONLY ACCIDENT),WILD ANIMAL,45.55077982,-112.6897386,48.44125906,40.38890937
C000015S,087+0.331,,MADISON,August,2014,6:45,TUE,NON-JUNCTION,ON ROADWAY,CLEAR,DRY,DARK-NOT LIGHTED,NON-INJURY ACCIDENT (PROPERTY- DAMAGE-ONLY ACCIDENT),WILD ANIMAL,45.55194167,-112.6893067,48.44389415,40.40508724
C000015S,087+0.782,,MADISON,August,2016,4:45,FRI,NON-JUNCTION,ON ROADWAY,CLEAR,DRY,DARK-NOT LIGHTED,NON-INJURY ACCIDENT (PROPERTY- DAMAGE-ONLY ACCIDENT),WILD ANIMAL,45.55793478,-112.6857814,48.39972062,40.43497779
C000015S,088+0.020,,MADISON,April,2016,6:15,THU,NON-JUNCTION,ON ROADWAY,CLEAR,DRY,DARK-NOT LIGHTED,NON-INJURY ACCIDENT (PROPERTY- DAMAGE-ONLY ACCIDENT),WILD ANIMAL,45.56106243,-112.683955,48.37892978,40.45312786
C000015S,088+0.998,NOT IN CITY LIMITS,MADISON,AUGUST,2017,13:00,SAT,NON-JUNCTION,ON ROADWAY,"FOG, SMOG, SMOKE",DRY,DAYLIGHT,NON-INJURY ACCIDENT (PROPERTY- DAMAGE-ONLY ACCIDENT),FIXED OBJECT,45.57488,-112.67947,48.46500678,40.70208495
C000015S,090+0.440,,MADISON,October,2015,23:30,SAT,NON-JUNCTION,ON ROADWAY,CLEAR,DRY,DARK-NOT LIGHTED,NON-INJURY ACCIDENT (PROPERTY- DAMAGE-ONLY ACCIDENT),WILD ANIMAL,45.59322333,-112.66548,48.24466284,40.73032599
C000015S,090+0.657,,MADISON,November,2016,19:45,SAT,NON-JUNCTION,ON ROADWAY,CLEAR,DRY,DARK-NOT LIGHTED,NON-INJURY ACCIDENT (PROPERTY- DAMAGE-ONLY ACCIDENT),WILD ANIMAL,45.59617412,-112.66383,48.24037611,40.76464008
C000015S,092+0.745,,MADISON,October,2015,6:30,TUE,NON-JUNCTION,ON ROADWAY,CLOUDY,WET,DARK-NOT LIGHTED,NON-INJURY ACCIDENT (PROPERTY- DAMAGE-ONLY ACCIDENT),WILD ANIMAL,45.62484,-112.6741617,49.42669526,42.22601766
C000029N,000+0.162,ENNIS,MADISON,October,2014,7:30,TUE,NON-JUNCTION,ON ROADWAY,CLEAR,DRY,DARK-LIGHTED,UNKNOWN,WILD ANIMAL,45.34924,-111.73498,0.119562413,10.73063759
C000029N,000+0.279,ENNIS,MADISON,February,2015,11:35,SUN,INTERSECTION,ON ROADWAY,CLEAR,DRY,DAYLIGHT,INCAPACITATING INJURY ACCIDENT,"LEFT TURN, OPPOSITE DIRECTION",45.34909487,-111.7373535,0.235098305,10.61934076
C000029N,000+0.484,,MADISON,January,2015,12:40,SAT,NON-JUNCTION,SHOULDER,CLEAR,DRY,DAYLIGHT,NON-INJURY ACCIDENT (PROPERTY- DAMAGE-ONLY ACCIDENT),ROLL OVER,45.34753505,-111.7408118,0.42011628,10.42409684
C000029N,000+0.923,NOT IN CITY LIMITS,MADISON,MAY,2017,8:20,SUN,NON-JUNCTION,ON ROADWAY,CLEAR,DRY,DAYLIGHT,NON-INJURY ACCIDENT (PROPERTY- DAMAGE-ONLY ACCIDENT),"SIDESWIPE, OPPOSITE DIRECTION",45.34122384,-111.7410546,0.693257798,10.26707275
C000029N,000+0.979,NOT IN CITY LIMITS,MADISON,JUNE,2017,22:15,FRI,NON-JUNCTION,ON ROADWAY,CLOUDY,DRY,DARK-LIGHTED,NON-INJURY ACCIDENT (PROPERTY- DAMAGE-ONLY ACCIDENT),WILD ANIMAL,45.34040386,-111.7424698,0.780053037,10.18401441
C000029N,001+0.002,ENNIS,MADISON,January,2014,21:18,SAT,INTERSECTION-RELATED,ON ROADWAY,CLEAR,DRY,DARK-NOT LIGHTED,NON-INJURY ACCIDENT (PROPERTY- DAMAGE-ONLY ACCIDENT),DOMESTIC ANIMAL,45.34064967,-111.7410505,0.725330536,10.25479703
C000029N,001+0.151,ENNIS,MADISON,October,2015,8:42,MON,THROUGH ROADWAY,ON ROADWAY,CLEAR,DRY,DAYLIGHT,NON-INJURY ACCIDENT (PROPERTY- DAMAGE-ONLY ACCIDENT),WILD ANIMAL,45.33810797,-111.7408745,0.871229036,10.2094524
C000029N,001+0.169,,MADISON,July,2014,19:10,SAT,NON-JUNCTION,ON ROADWAY,CLEAR,DRY,DAYLIGHT,NON-INJURY ACCIDENT (PROPERTY- DAMAGE-ONLY ACCIDENT),WILD ANIMAL,45.33778333,-111.74118,0.897992589,10.18864335
C000029N,001+0.311,,MADISON,July,2015,22:10,THU,NON-JUNCTION,ON ROADWAY,CLEAR,DRY,DARK-NOT LIGHTED,NON-INJURY ACCIDENT (PROPERTY- DAMAGE-ONLY ACCIDENT),WILD ANIMAL,45.33577164,-111.7409889,1.019089924,10.15740632
C000029N,001+0.730,,MADISON,October,2013,18:10,SUN,NON-JUNCTION,ROADSIDE RIGHT,CLOUDY,DRY,DAYLIGHT,NON-INCAPACITATING EVIDENT INJURY ACCIDENT,ROLL OVER,45.32968,-111.7410533,1.415326512,10.04368521
C000029N,001+0.825,ENNIS,MADISON,AUGUST,2017,14:28,SUN,NON-JUNCTION,ON ROADWAY,CLOUDY,DRY,DAYLIGHT,NON-INJURY ACCIDENT (PROPERTY- DAMAGE-ONLY ACCIDENT),WILD ANIMAL,45.32838989,-111.7415259,1.507285176,10.00003636
C000029N,001+0.899,NOT IN CITY LIMITS,MADISON,APRIL,2017,20:58,MON,NON-JUNCTION,ROADSIDE RIGHT,RAIN,WET,DARK-NOT LIGHTED,NON-INJURY ACCIDENT (PROPERTY- DAMAGE-ONLY ACCIDENT),WILD ANIMAL,45.32611111,111.7438889,5632.978704,5631.326745
C000029N,002+0.033,,MADISON,August,2016,20:48,MON,NON-JUNCTION,ON ROADWAY,CLEAR,DRY,DARK-NOT LIGHTED,NON-INJURY ACCIDENT (PROPERTY- DAMAGE-ONLY ACCIDENT),WILD ANIMAL,45.32615022,-111.744107,1.693421066,9.842452415
C000029N,002+0.577,,MADISON,January,2016,17:30,SUN,NON-JUNCTION,ROADSIDE RIGHT,SEVERE CROSSWINDS,ICE/FROST,DARK-LIGHTED,NON-INJURY ACCIDENT (PROPERTY- DAMAGE-ONLY ACCIDENT),ROLL OVER,45.32277765,-111.7541525,2.110361172,9.315419487
C000029N,002+0.854,NOT IN CITY LIMITS,MADISON,JANUARY,2017,7:45,FRI,NON-JUNCTION,ON ROADWAY,CLOUDY,DRY,DAYLIGHT,NON-INJURY ACCIDENT (PROPERTY- DAMAGE-ONLY ACCIDENT),WILD ANIMAL,45.32108479,-111.759318,2.342150587,9.045613529
C000029N,003+0.771,,MADISON,August,2015,7:18,FRI,NON-JUNCTION,ON ROADWAY,CLEAR,DRY,DAYLIGHT,NON-INJURY ACCIDENT (PROPERTY- DAMAGE-ONLY ACCIDENT),WILD ANIMAL,45.31902906,-111.7778899,3.036627297,8.133521976
C000029N,006+0.160,,MADISON,December,2013,10:10,SUN,NON-JUNCTION,ROADSIDE LEFT,CLEAR,ICE/FROST,DAYLIGHT,NON-INCAPACITATING EVIDENT INJURY ACCIDENT,ROLL OVER,45.32139231,-111.8246821,4.873083302,5.980192608
C000029N,006+0.278,,MADISON,November,2015,18:23,WED,NON-JUNCTION,ROADSIDE RIGHT,CLOUDY,ICE/FROST,DARK-NOT LIGHTED,NON-INJURY ACCIDENT (PROPERTY- DAMAGE-ONLY ACCIDENT),ROLL OVER,45.3222581,-111.8267117,4.940853729,5.906075729
C000029N,006+0.933,,MADISON,April,2015,21:15,FRI,NON-JUNCTION,ON ROADWAY,CLOUDY,DRY,DARK-NOT LIGHTED,NON-INJURY ACCIDENT (PROPERTY- DAMAGE-ONLY ACCIDENT),WILD ANIMAL,45.31985096,-111.8382109,5.521205244,5.323866509
C000029N,007+0.547,,MADISON,December,2015,19:00,THU,NON-JUNCTION,ON ROADWAY,CLEAR,OTHER,DARK-LIGHTED,NON-INJURY ACCIDENT (PROPERTY- DAMAGE-ONLY ACCIDENT),FIXED OBJECT,45.31780258,-111.8467785,5.960346856,4.884254342
C000029N,007+0.553,,MADISON,March,2014,23:45,WED,NON-JUNCTION,ROADSIDE RIGHT,CLEAR,DRY,DARK-NOT LIGHTED,NON-INCAPACITATING EVIDENT INJURY ACCIDENT,ROLL OVER,45.31766986,-111.8467586,5.962804141,4.882103985
C000029N,007+0.760,,MADISON,October,2013,0:00,THU,NON-JUNCTION,ON ROADWAY,SNOW,SNOW,DAYLIGHT,NON-INCAPACITATING EVIDENT INJURY ACCIDENT,ROLL OVER,45.31565833,-111.8499583,6.158830676,4.689903002
C000029N,008+0.769,,MADISON,July,2015,22:12,THU,NON-JUNCTION,ON ROADWAY,RAIN,WET,DARK-NOT LIGHTED,NON-INJURY ACCIDENT (PROPERTY- DAMAGE-ONLY ACCIDENT),WILD ANIMAL,45.30559805,-111.8634597,7.039985561,3.873641155
C000029N,009+0.373,NOT IN CITY LIMITS,MADISON,FEBRUARY,2017,20:00,FRI,NON-JUNCTION,ROADSIDE RIGHT,SNOW,ICE/FROST,DARK-NOT LIGHTED,NON-INJURY ACCIDENT (PROPERTY- DAMAGE-ONLY ACCIDENT),FIXED OBJECT,45.29950524,-111.8726875,7.628052836,3.363805806
C000029N,009+0.904,,MADISON,August,2016,20:20,THU,NON-JUNCTION,ON ROADWAY,CLOUDY,DRY,DAYLIGHT,NON-INJURY ACCIDENT (PROPERTY- DAMAGE-ONLY ACCIDENT),WILD ANIMAL,45.29338514,-111.8787991,8.087680356,3.046534565
C000029N,010+0.276,,MADISON,December,2015,14:00,THU,UNKNOWN,ON ROADWAY,CLEAR,DRY,DAYLIGHT,NON-INJURY ACCIDENT (PROPERTY- DAMAGE-ONLY ACCIDENT),"SIDESWIPE, OPPOSITE DIRECTION",45.28918864,-111.883934,8.446626674,2.81716701
C000029N,011+0.202,,MADISON,November,2016,8:05,MON,NON-JUNCTION,ROADSIDE RIGHT,SNOW,ICE/FROST,DAYLIGHT,POSSIBLE INJURY ACCIDENT,ROLL OVER,45.28250148,-111.8994369,9.330117489,2.194761645