MDT_CORRIDOR_ID,SMS_REFPOST_OFFSET,CITY,COUNTY,Month,Year,SMS_TIME,SMT_CRASH_OCC_DAY_OF_WEEK,JUNCTION_RELATED,ROADWAY_RELATED,WEATHER_COND,ROAD_COND,LIGHT_COND,CRASH_SEVERITY,COLLISION_TYPE,LATITUDE,LONGITUDE,Ennis Distance,Virginia City Distance
C000029N,012+0.137,ENNIS,MADISON,MAY,2017,6:57,WED,NON-JUNCTION,ON ROADWAY,CLEAR,DRY,DAWN,POSSIBLE INJURY ACCIDENT,WILD ANIMAL,45.28298817,-111.9166354,10.04953092,1.430658111
C000029N,013+0.170,VIRGINIA CITY,MADISON,April,2016,0:10,WED,NON-JUNCTION,ON ROADWAY,CLEAR,DRY,DARK-NOT LIGHTED,NON-INJURY ACCIDENT (PROPERTY- DAMAGE-ONLY ACCIDENT),FIXED OBJECT,45.29504957,-111.9251775,10.08136493,0.794602516
C000029N,013+0.244,VIRGINIA CITY,MADISON,JUNE,2017,23:00,MON,NON-JUNCTION,ROADSIDE RIGHT,CLEAR,DRY,DARK-NOT LIGHTED,NON-INJURY ACCIDENT (PROPERTY- DAMAGE-ONLY ACCIDENT),WILD ANIMAL,45.29571174,-111.9263286,10.11642891,0.744314048
C000029N,013+0.952,VIRGINIA CITY,MADISON,February,2015,8:50,SAT,DRIVEWAY/ALLEY ACCESS RELATED,OFF ROADWAY LOCATION UNKNOWN,CLEAR,DRY,DAYLIGHT,UNKNOWN,FIXED OBJECT,45.29429411,-111.9404664,10.79279047,0.050589975
C000029N,014+0.158,VIRGINIA CITY,MADISON,July,2016,13:30,WED,NON-JUNCTION,ROADSIDE RIGHT,CLEAR,DRY,DAYLIGHT,NON-INJURY ACCIDENT (PROPERTY- DAMAGE-ONLY ACCIDENT),REAR TO FRONT,45.29359098,-111.9445709,10.99662058,0.154768714
C000029N,014+0.177,VIRGINIA CITY,MADISON,April,2016,15:45,TUE,NON-JUNCTION,SHOULDER,CLEAR,DRY,DAYLIGHT,NON-INJURY ACCIDENT (PROPERTY- DAMAGE-ONLY ACCIDENT),FIXED OBJECT,45.29353251,-111.944847,11.01060468,0.168757942
C000029N,015+0.588,,MADISON,November,2015,14:10,SAT,NON-JUNCTION,ROADSIDE RIGHT,CLEAR,DRY,DAYLIGHT,NON-INJURY ACCIDENT (PROPERTY- DAMAGE-ONLY ACCIDENT),FIXED OBJECT,45.3052982,-111.9650428,11.69662399,1.382439116
C000029N,015+0.815,,MADISON,June,2015,10:00,THU,NON-JUNCTION,OFF ROADWAY LOCATION UNKNOWN,CLEAR,DRY,DAYLIGHT,NON-INJURY ACCIDENT (PROPERTY- DAMAGE-ONLY ACCIDENT),REAR TO FRONT,45.30731922,-111.9686484,11.83066945,1.605886654
C000029N,018+0.946,,MADISON,July,2016,8:50,SUN,NON-JUNCTION,ROADSIDE RIGHT,CLEAR,DRY,DAYLIGHT,NON-INJURY ACCIDENT (PROPERTY- DAMAGE-ONLY ACCIDENT),FIXED OBJECT,45.32485841,-112.0232303,14.21969048,4.50557668
C000029N,019+0.931,,MADISON,November,2016,5:50,SUN,NON-JUNCTION,ROADSIDE RIGHT,SNOW,SNOW,DARK-LIGHTED,NON-INJURY ACCIDENT (PROPERTY- DAMAGE-ONLY ACCIDENT),ROLL OVER,45.31978633,-112.0404774,15.09570909,5.128059217
C000029N,020+0.047,,MADISON,July,2015,17:00,SUN,NON-JUNCTION,ON ROADWAY,CLOUDY,DRY,DAYLIGHT,POSSIBLE INJURY ACCIDENT,"SIDESWIPE, OPPOSITE DIRECTION",45.31911817,-112.0440059,15.27185595,5.273976471
C000029N,020+0.054,NOT IN CITY LIMITS,MADISON,APRIL,2017,23:30,TUE,NON-JUNCTION,ROADSIDE RIGHT,CLEAR,DRY,DARK-NOT LIGHTED,NON-INJURY ACCIDENT (PROPERTY- DAMAGE-ONLY ACCIDENT),FIXED OBJECT,45.31875753,-112.0439765,15.27390795,5.264525262
C000029N,020+0.159,,MADISON,November,2015,15:15,FRI,NON-JUNCTION,ON ROADWAY,CLOUDY,DRY,DAYLIGHT,NON-INJURY ACCIDENT (PROPERTY- DAMAGE-ONLY ACCIDENT),WILD ANIMAL,45.31417989,-112.0470556,15.46905822,5.315330857
C000029N,020+0.896,,MADISON,November,2016,6:55,MON,NON-JUNCTION,ON ROADWAY,CLOUDY,DRY,DARK-LIGHTED,NON-INJURY ACCIDENT (PROPERTY- DAMAGE-ONLY ACCIDENT),WILD ANIMAL,45.32022465,-112.0612913,16.09411195,6.095934644
C000029N,022+0.403,,MADISON,September,2016,23:30,SAT,NON-JUNCTION,ON ROADWAY,RAIN,WET,DARK-LIGHTED,NON-INJURY ACCIDENT (PROPERTY- DAMAGE-ONLY ACCIDENT),WILD ANIMAL,45.32005702,-112.0923723,17.59429372,7.549049656
C000029N,023+0.186,,MADISON,August,2016,3:00,SUN,NON-JUNCTION,SHOULDER,CLEAR,DRY,DARK-LIGHTED,NON-INJURY ACCIDENT (PROPERTY- DAMAGE-ONLY ACCIDENT),ROLL OVER,45.32346097,-112.1071912,18.28451013,8.304377798
C000029N,023+0.235,,MADISON,February,2015,19:01,WED,NON-JUNCTION,ON ROADWAY,CLEAR,DRY,DARK-LIGHTED,NON-INJURY ACCIDENT (PROPERTY- DAMAGE-ONLY ACCIDENT),WILD ANIMAL,45.32428083,-112.1072721,18.28285384,8.32214645
C000029N,023+0.843,NOT IN CITY LIMITS,MADISON,AUGUST,2017,6:35,WED,NON-JUNCTION,ON ROADWAY,CLEAR,DRY,DARK-NOT LIGHTED,NON-INJURY ACCIDENT (PROPERTY- DAMAGE-ONLY ACCIDENT),WILD ANIMAL,45.33265275,-112.1110453,18.4188715,8.659277281
C000029N,024+0.128,,MADISON,July,2014,19:10,FRI,NON-JUNCTION,ON ROADWAY,CLEAR,DRY,DAYLIGHT,NON-INJURY ACCIDENT (PROPERTY- DAMAGE-ONLY ACCIDENT),WILD ANIMAL,45.335955,-112.1121933,18.46120686,8.784586178
C000029N,024+0.494,,MADISON,August,2015,3:00,FRI,NON-JUNCTION,ON ROADWAY,UNKNOWN,DRY,UNKNOWN,NON-INJURY ACCIDENT (PROPERTY- DAMAGE-ONLY ACCIDENT),ROLL OVER,45.34102833,-112.1140383,18.53579343,8.9893351
C000029N,024+0.549,,MADISON,August,2015,1:30,TUE,NON-JUNCTION,ON ROADWAY,CLOUDY,DRY,DARK-NOT LIGHTED,NON-INJURY ACCIDENT (PROPERTY- DAMAGE-ONLY ACCIDENT),WILD ANIMAL,45.3418515,-112.1141853,18.54113522,9.016595678
C000029N,024+0.640,,MADISON,June,2013,3:00,MON,NON-JUNCTION,ROADSIDE LEFT,CLEAR,DRY,DARK-NOT LIGHTED,NON-INJURY ACCIDENT (PROPERTY- DAMAGE-ONLY ACCIDENT),ROLL OVER,45.34329819,-112.115215,18.58839589,9.099935971
C000029N,025+0.291,,MADISON,December,2016,20:10,TUE,NON-JUNCTION,ON ROADWAY,CLOUDY,SNOW,DARK-NOT LIGHTED,NON-INJURY ACCIDENT (PROPERTY- DAMAGE-ONLY ACCIDENT),WILD ANIMAL,45.35267439,-112.1176551,18.70224721,9.467637198
C000029N,025+0.316,,MADISON,July,2014,12:15,SUN,INTERSECTION,ON ROADWAY,CLEAR,DRY,DAYLIGHT,NON-INJURY ACCIDENT (PROPERTY- DAMAGE-ONLY ACCIDENT),"LEFT TURN, SAME DIRECTION",45.35277197,-112.1181306,18.72540364,9.491396135
C000029N,025+0.688,SHERIDAN,MADISON,August,2014,13:22,TUE,NON-JUNCTION,ON ROADWAY,CLEAR,DRY,DAYLIGHT,NON-INJURY ACCIDENT (PROPERTY- DAMAGE-ONLY ACCIDENT),WILD ANIMAL,45.35801237,-112.1202804,18.83704675,9.744219036
C000029N,025+0.824,NOT IN CITY LIMITS,MADISON,DECEMBER,2017,2:10,SAT,NON-JUNCTION,ROADSIDE RIGHT,CLEAR,SNOW,DARK-NOT LIGHTED,NON-INCAPACITATING EVIDENT INJURY ACCIDENT,FIXED OBJECT,45.35985387,-112.121037,18.87795918,9.834993075
C000029N,025+0.973,SHERIDAN,MADISON,OCTOBER,2017,19:15,TUE,NON-JUNCTION,ON ROADWAY,CLEAR,DRY,DARK-NOT LIGHTED,NON-INJURY ACCIDENT (PROPERTY- DAMAGE-ONLY ACCIDENT),WILD ANIMAL,45.36189708,-112.1218714,18.92408515,9.936585581
C000029N,026+0.293,NOT IN CITY LIMITS,MADISON,JUNE,2017,18:08,FRI,NON-JUNCTION,ROADSIDE RIGHT,CLEAR,DRY,DAYLIGHT,INCAPACITATING INJURY ACCIDENT,ROLL OVER,45.36645611,-112.1234788,19.01835219,10.15649232
C000029N,026+0.510,,MADISON,October,2015,16:25,THU,NON-JUNCTION,ROADSIDE LEFT,CLEAR,DRY,DAYLIGHT,NON-INCAPACITATING EVIDENT INJURY ACCIDENT,ROLL OVER,45.36900097,-112.1261637,19.15973301,10.35677152
C000029N,026+0.770,NOT IN CITY LIMITS,MADISON,SEPTEMBER,2017,19:20,TUE,NON-JUNCTION,ON ROADWAY,CLOUDY,DRY,DARK-NOT LIGHTED,NON-INCAPACITATING EVIDENT INJURY ACCIDENT,WILD ANIMAL,45.37233951,-112.1287793,19.30351203,10.58273111
C000029N,026+0.801,NOT IN CITY LIMITS,MADISON,OCTOBER,2017,19:00,FRI,NON-JUNCTION,ROADSIDE RIGHT,CLEAR,DRY,DARK-NOT LIGHTED,NON-INJURY ACCIDENT (PROPERTY- DAMAGE-ONLY ACCIDENT),WILD ANIMAL,45.3727201,-112.1290743,19.31990804,10.60846644
C000029N,026+0.992,,MADISON,October,2015,11:28,TUE,NON-JUNCTION,ROADSIDE RIGHT,CLOUDY,DRY,DAYLIGHT,POSSIBLE INJURY ACCIDENT,ROLL OVER,45.37507833,-112.1311867,19.43597163,10.78022005
C000029N,027+0.200,,MADISON,March,2015,10:25,SAT,NON-JUNCTION,ON ROADWAY,CLOUDY,DRY,DAYLIGHT,INCAPACITATING INJURY ACCIDENT,WILD ANIMAL,45.37773333,-112.1333717,19.55874094,10.96642776
C000029N,027+0.541,,MADISON,July,2016,22:40,TUE,NON-JUNCTION,ON ROADWAY,CLEAR,DRY,DARK-NOT LIGHTED,NON-INJURY ACCIDENT (PROPERTY- DAMAGE-ONLY ACCIDENT),WILD ANIMAL,45.3819017,-112.136961,19.76217648,11.26709304
C000029N,027+0.622,,MADISON,July,2014,10:35,WED,NON-JUNCTION,ON ROADWAY,CLEAR,DRY,DAYLIGHT,POSSIBLE INJURY ACCIDENT,WILD ANIMAL,45.382915,-112.1378167,19.81136336,11.33979746
C000029N,027+0.752,,MADISON,July,2015,20:08,FRI,NON-JUNCTION,ON ROADWAY,CLEAR,DRY,DAYLIGHT,NON-INJURY ACCIDENT (PROPERTY- DAMAGE-ONLY ACCIDENT),WILD ANIMAL,45.3845496,-112.139291,19.895677,11.46114844
C000029N,027+0.870,,MADISON,July,2013,23:35,THU,NON-JUNCTION,ON ROADWAY,CLOUDY,DRY,DARK-NOT LIGHTED,NON-INCAPACITATING EVIDENT INJURY ACCIDENT,REAR-END,45.38606744,-112.1406139,19.97222804,11.57220155
C000029N,027+0.900,NOT IN CITY LIMITS,MADISON,MAY,2017,19:30,FRI,NON-JUNCTION,ON ROADWAY,CLOUDY,DRY,DAYLIGHT,NON-INJURY ACCIDENT (PROPERTY- DAMAGE-ONLY ACCIDENT),WILD ANIMAL,45.38635156,-112.1407922,19.98327092,11.59020342
C000029N,028+0.000,,MADISON,October,2015,6:30,MON,NON-JUNCTION,ON ROADWAY,CLOUDY,WET,DAWN,NON-INJURY ACCIDENT (PROPERTY- DAMAGE-ONLY ACCIDENT),ROLL OVER,45.38735147,-112.1416999,20.03575161,11.66499178
C000029N,028+0.446,,MADISON,January,2014,10:00,SUN,NON-JUNCTION,ROADSIDE LEFT,CLEAR,DRY,DAYLIGHT,NON-INJURY ACCIDENT (PROPERTY- DAMAGE-ONLY ACCIDENT),FIXED OBJECT,45.39289073,-112.1464264,20.31548946,12.06886682
C000029N,028+0.595,,MADISON,April,2014,11:05,SUN,NON-JUNCTION,ON ROADWAY,CLOUDY,DRY,DAYLIGHT,NON-INJURY ACCIDENT (PROPERTY- DAMAGE-ONLY ACCIDENT),"SIDESWIPE, OPPOSITE DIRECTION",45.3947008,-112.1480042,20.40977179,12.20280382
C000029N,031+0.510,,MADISON,March,2015,18:40,SUN,NON-JUNCTION,ON ROADWAY,CLEAR,DRY,DAYLIGHT,NON-INJURY ACCIDENT (PROPERTY- DAMAGE-ONLY ACCIDENT),WILD ANIMAL,45.43118656,-112.1787541,22.38003377,14.91330513
C000029N,031+0.696,,MADISON,October,2015,15:40,WED,INTERSECTION,ON ROADWAY,CLEAR,DRY,DAYLIGHT,NON-INJURY ACCIDENT (PROPERTY- DAMAGE-ONLY ACCIDENT),"SIDESWIPE, OPPOSITE DIRECTION",45.43357543,-112.1806974,22.51297131,15.09096643
C000029N,031+0.727,NOT IN CITY LIMITS,MADISON,JULY,2017,16:45,SAT,DRIVEWAY/ALLEY ACCESS RELATED,ROADSIDE RIGHT,CLOUDY,DRY,DAYLIGHT,FATAL ACCIDENT,FIXED OBJECT,45.43397438,-112.1809734,22.53297715,15.11885334
C000029N,032+0.745,,MADISON,July,2014,8:00,TUE,NON-JUNCTION,ON ROADWAY,CLEAR,DRY,DAYLIGHT,POSSIBLE INJURY ACCIDENT,REAR-END,45.44663597,-112.1916791,23.27026928,16.08031097
C000029N,033+0.253,SHERIDAN,MADISON,December,2014,11:00,THU,NON-JUNCTION,SHOULDER,CLEAR,DRY,DAYLIGHT,NON-INJURY ACCIDENT (PROPERTY- DAMAGE-ONLY ACCIDENT),REAR TO REAR,45.45317078,-112.1960068,23.6034837,16.5356083
C000029N,033+0.384,SHERIDAN,MADISON,SEPTEMBER,2017,12:15,THU,NON-JUNCTION,ON ROADWAY,CLOUDY,DRY,DAYLIGHT,NON-INJURY ACCIDENT (PROPERTY- DAMAGE-ONLY ACCIDENT),"SIDESWIPE, SAME DIRECTION",45.45505659,-112.1967799,23.67875285,16.65025145
C000029N,033+0.390,SHERIDAN,MADISON,November,2014,14:25,TUE,NON-JUNCTION,ON ROADWAY,CLOUDY,WET,DAYLIGHT,NON-INJURY ACCIDENT (PROPERTY- DAMAGE-ONLY ACCIDENT),REAR TO SIDE,45.45504,-112.197005,23.68878933,16.65762025
C000029N,033+0.402,SHERIDAN,MADISON,DECEMBER,2017,8:30,THU,NON-JUNCTION,IN PARKING LANE OR ZONE,CLOUDY,SNOW,DAYLIGHT,NON-INJURY ACCIDENT (PROPERTY- DAMAGE-ONLY ACCIDENT),"SIDESWIPE, SAME DIRECTION",45.45528276,-112.1968287,23.68578978,16.66243623
C000029N,033+0.424,SHERIDAN,MADISON,February,2013,8:20,WED,INTERSECTION,ON ROADWAY,CLOUDY,DRY,DAYLIGHT,NON-INJURY ACCIDENT (PROPERTY- DAMAGE-ONLY ACCIDENT),RIGHT ANGLE,45.45561667,-112.197245,23.71207193,16.69285862
C000029N,033+0.483,SHERIDAN,MADISON,JULY,2017,17:00,TUE,NON-JUNCTION,IN PARKING LANE OR ZONE,CLEAR,DRY,DAYLIGHT,UNKNOWN,PARKED VEHICLE,45.45631646,-112.1975653,23.74173148,16.73670627
C000029N,034+0.025,SHERIDAN,MADISON,NOVEMBER,2017,19:40,SUN,NON-JUNCTION,ON ROADWAY,CLEAR,DRY,DARK-NOT LIGHTED,NON-INJURY ACCIDENT (PROPERTY- DAMAGE-ONLY ACCIDENT),WILD ANIMAL,45.46358117,-112.2007596,24.04779433,17.18949257
C000029N,034+0.273,NOT IN CITY LIMITS,MADISON,OCTOBER,2017,19:45,SUN,NON-JUNCTION,ON ROADWAY,CLEAR,DRY,DARK-NOT LIGHTED,NON-INJURY ACCIDENT (PROPERTY- DAMAGE-ONLY ACCIDENT),WILD ANIMAL,45.46659585,-112.2034213,24.23807565,17.42582776
C000029N,034+0.545,,MADISON,October,2015,19:50,THU,NON-JUNCTION,ON ROADWAY,CLOUDY,DRY,DARK-LIGHTED,NON-INJURY ACCIDENT (PROPERTY- DAMAGE-ONLY ACCIDENT),WILD ANIMAL,45.46987853,-112.206554,24.45705558,17.69170175
C000029N,034+0.762,,MADISON,December,2014,18:20,FRI,NON-JUNCTION,ON ROADWAY,CLEAR,DRY,DARK-NOT LIGHTED,NON-INJURY ACCIDENT (PROPERTY- DAMAGE-ONLY ACCIDENT),WILD ANIMAL,45.472625,-112.20885,24.62629257,17.90286883
C000029N,035+0.150,NOT IN CITY LIMITS,MADISON,FEBRUARY,2017,21:00,SUN,NON-JUNCTION,ROADSIDE RIGHT,CLOUDY,DRY,DARK-NOT LIGHTED,NON-INJURY ACCIDENT (PROPERTY- DAMAGE-ONLY ACCIDENT),FIXED OBJECT,45.47730169,-112.2130481,24.92935264,18.27300256
C000029N,035+0.652,,MADISON,June,2015,0:33,SAT,NON-JUNCTION,ROADSIDE LEFT,CLEAR,DRY,DARK-NOT LIGHTED,NON-INCAPACITATING EVIDENT INJURY ACCIDENT,NOT FIXED OBJECT OR DEBRIS,45.48148,-112.22119,25.40051177,18.75768253
C000029N,035+0.692,SHERIDAN,MADISON,FEBRUARY,2017,12:45,WED,NON-JUNCTION,IN PARKING LANE OR ZONE,CLEAR,ICE/FROST,DAYLIGHT,NON-INJURY ACCIDENT (PROPERTY- DAMAGE-ONLY ACCIDENT),"SIDESWIPE, SAME DIRECTION",45.4819475,-112.2217157,25.43583631,18.79839594
C000029N,035+0.970,,MADISON,January,2013,7:16,MON,NON-JUNCTION,ON ROADWAY,CLOUDY,DRY,DAWN,POSSIBLE INJURY ACCIDENT,WILD ANIMAL,45.48399179,-112.2267904,25.71595808,19.07398932
C000029N,035+0.996,,MADISON,December,2016,5:35,MON,NON-JUNCTION,ON ROADWAY,SNOW,ICE/FROST,DARK-NOT LIGHTED,NON-INJURY ACCIDENT (PROPERTY- DAMAGE-ONLY ACCIDENT),WILD ANIMAL,45.48408,-112.22721,25.73711717,19.09295461
C000029N,036+0.067,,MADISON,February,2016,9:20,THU,DRIVEWAY/ALLEY ACCESS RELATED,ON ROADWAY,CLOUDY,DRY,DAYLIGHT,NON-INCAPACITATING EVIDENT INJURY ACCIDENT,RIGHT ANGLE,45.48442945,-112.2285312,25.80551978,19.15609611
C000029N,036+0.116,,MADISON,March,2014,18:48,WED,NON-JUNCTION,ON ROADWAY,CLEAR,DRY,DARK-NOT LIGHTED,NON-INJURY ACCIDENT (PROPERTY- DAMAGE-ONLY ACCIDENT),WILD ANIMAL,45.48473361,-112.22942,25.85324929,19.20186049
C000029N,036+0.129,VIRGINIA CITY,MADISON,August,2015,22:52,MON,NON-JUNCTION,ON ROADWAY,CLOUDY,DRY,DARK-NOT LIGHTED,NON-INJURY ACCIDENT (PROPERTY- DAMAGE-ONLY ACCIDENT),WILD ANIMAL,45.4849885,-112.2295096,25.86362947,19.217084
C000029N,036+0.457,,MADISON,January,2015,7:20,THU,NON-JUNCTION,ON ROADWAY,CLEAR,DRY,DAWN,NON-INJURY ACCIDENT (PROPERTY- DAMAGE-ONLY ACCIDENT),WILD ANIMAL,45.48692004,-112.2357494,26.19366447,19.52901946
C000029N,037+0.790,,MADISON,February,2013,18:50,TUE,NON-JUNCTION,ON ROADWAY,CLOUDY,DRY,DARK-NOT LIGHTED,NON-INJURY ACCIDENT (PROPERTY- DAMAGE-ONLY ACCIDENT),WILD ANIMAL,45.49505667,-112.26067,27.52232392,20.79995666
C000029N,039+0.428,,MADISON,July,2014,18:00,FRI,INTERSECTION,ON ROADWAY,CLOUDY,DRY,DAYLIGHT,UNKNOWN,"SIDESWIPE, OPPOSITE DIRECTION",45.50635387,-112.2901882,29.1383508,22.38923408
C000029N,039+0.774,,MADISON,June,2014,0:45,SAT,NON-JUNCTION,ROADSIDE RIGHT,CLOUDY,DRY,DARK-NOT LIGHTED,NON-INJURY ACCIDENT (PROPERTY- DAMAGE-ONLY ACCIDENT),FIXED OBJECT,45.51035395,-112.2946548,29.4419266,22.73364193
C000029N,039+0.890,,MADISON,August,2013,15:20,FRI,NON-JUNCTION,ROADSIDE RIGHT,"FOG, SMOG, SMOKE",DRY,DAYLIGHT,POSSIBLE INJURY ACCIDENT,FIXED OBJECT,45.51165166,-112.2962339,29.54646627,22.85016551
C000029N,040+0.426,NOT IN CITY LIMITS,MADISON,NOVEMBER,2017,17:30,MON,NON-JUNCTION,ON ROADWAY,CLEAR,DRY,DARK-LIGHTED,NON-INJURY ACCIDENT (PROPERTY- DAMAGE-ONLY ACCIDENT),WILD ANIMAL,45.51713549,-112.3035645,30.01869514,23.3666675
C000029N,041+0.181,,MADISON,July,2014,21:30,WED,NON-JUNCTION,ON ROADWAY,CLEAR,DRY,DARK-LIGHTED,NON-INJURY ACCIDENT (PROPERTY- DAMAGE-ONLY ACCIDENT),WILD ANIMAL,45.52281803,-112.3147018,30.66752947,24.03110968
C000029N,041+0.190,,MADISON,September,2013,6:40,THU,NON-JUNCTION,ON ROADWAY,CLEAR,DRY,DAWN,NON-INJURY ACCIDENT (PROPERTY- DAMAGE-ONLY ACCIDENT),WILD ANIMAL,45.5230093,-112.314893,30.6811858,24.0467644
C000029N,041+0.397,,MADISON,November,2015,22:20,MON,NON-JUNCTION,ON ROADWAY,CLEAR,DRY,DARK-NOT LIGHTED,NON-INCAPACITATING EVIDENT INJURY ACCIDENT,WILD ANIMAL,45.52482865,-112.317989,30.86813655,24.24234319
C000029N,041+0.477,,MADISON,July,2014,9:04,WED,NON-JUNCTION,ROADSIDE RIGHT,CLEAR,DRY,DAYLIGHT,NON-INJURY ACCIDENT (PROPERTY- DAMAGE-ONLY ACCIDENT),JACKKNIFE,45.525795,-112.3191317,30.94511889,24.32789293
C000029N,041+0.477,,MADISON,June,2016,22:15,THU,NON-JUNCTION,ON ROADWAY,CLOUDY,DRY,DARK-NOT LIGHTED,NON-INJURY ACCIDENT (PROPERTY- DAMAGE-ONLY ACCIDENT),WILD ANIMAL,45.52576385,-112.319118,30.94366743,24.32598014
C000029N,041+0.832,NOT IN CITY LIMITS,MADISON,SEPTEMBER,2017,20:16,SAT,NON-JUNCTION,ON ROADWAY,CLEAR,DRY,DARK-NOT LIGHTED,NON-INJURY ACCIDENT (PROPERTY- DAMAGE-ONLY ACCIDENT),WILD ANIMAL,45.52930427,-112.3244014,31.27490558,24.67948327
C000029N,041+1.067,NOT IN CITY LIMITS,MADISON,NOVEMBER,2017,7:15,THU,NON-JUNCTION,ON ROADWAY,CLEAR,DRY,DAWN,NON-INJURY ACCIDENT (PROPERTY- DAMAGE-ONLY ACCIDENT),WILD ANIMAL,45.5319838,-112.3273942,31.48123446,24.91034545
C000029N,042+0.099,,MADISON,July,2014,0:00,SAT,NON-JUNCTION,ON ROADWAY,CLEAR,DRY,DARK-LIGHTED,NON-INJURY ACCIDENT (PROPERTY- DAMAGE-ONLY ACCIDENT),WILD ANIMAL,45.5337239,-112.3285339,31.57977673,25.03105263
C000029N,042+0.510,,MADISON,October,2013,7:00,MON,NON-JUNCTION,ROADSIDE RIGHT,BLOWING SNOW,ICE/FROST,DARK-NOT LIGHTED,NON-INJURY ACCIDENT (PROPERTY- DAMAGE-ONLY ACCIDENT),REAR-END,45.53940322,-112.3311504,31.85434898,25.38594292
C000029N,042+0.514,TWIN BRIDGES,MADISON,AUGUST,2017,14:20,TUE,NON-JUNCTION,ON ROADWAY,CLEAR,DRY,DAYLIGHT,NON-INCAPACITATING EVIDENT INJURY ACCIDENT,RIGHT ANGLE,45.53942833,-112.330975,31.84731315,25.38076593
C000029N,042+0.874,TWIN BRIDGES,MADISON,June,2015,12:12,SUN,NON-JUNCTION,ON ROADWAY,CLEAR,DRY,DAYLIGHT,NON-INJURY ACCIDENT (PROPERTY- DAMAGE-ONLY ACCIDENT),"LEFT TURN, SAME DIRECTION",45.54463121,-112.3309462,31.99481651,25.62057139
C000029N,042+0.880,NOT IN CITY LIMITS,MADISON,AUGUST,2017,6:15,WED,NON-JUNCTION,ON ROADWAY,CLEAR,DRY,DAYLIGHT,NON-INJURY ACCIDENT (PROPERTY- DAMAGE-ONLY ACCIDENT),WILD ANIMAL,45.54476333,-112.331115,32.00605575,25.63275792
C000029N,043+0.152,TWIN BRIDGES,MADISON,December,2016,23:28,MON,NON-JUNCTION,ON ROADWAY,CLEAR,DRY,DARK-LIGHTED,NON-INJURY ACCIDENT (PROPERTY- DAMAGE-ONLY ACCIDENT),WILD ANIMAL,45.54855835,-112.3308793,32.10639162,25.80181482
C000029N,043+0.276,,MADISON,February,2015,17:59,WED,NON-JUNCTION,ON ROADWAY,CLEAR,DRY,DARK-NOT LIGHTED,NON-INJURY ACCIDENT (PROPERTY- DAMAGE-ONLY ACCIDENT),WILD ANIMAL,45.550292,-112.3302702,32.13091831,25.86182884
C000029N,043+0.666,NOT IN CITY LIMITS,MADISON,FEBRUARY,2017,7:10,WED,NON-JUNCTION,ON ROADWAY,CLEAR,DRY,DAYLIGHT,NON-INJURY ACCIDENT (PROPERTY- DAMAGE-ONLY ACCIDENT),WILD ANIMAL,45.55533,-112.32686,32.13349248,25.9815016
C000029N,043+0.988,NOT IN CITY LIMITS,MADISON,APRIL,2017,6:45,WED,NON-JUNCTION,ON ROADWAY,CLEAR,DRY,DARK-NOT LIGHTED,NON-INJURY ACCIDENT (PROPERTY- DAMAGE-ONLY ACCIDENT),WILD ANIMAL,45.55995553,-112.3257206,32.22603468,26.16460852
C000029N,044+0.153,,MADISON,November,2014,22:15,WED,NON-JUNCTION,ON ROADWAY,CLOUDY,WET,DARK-NOT LIGHTED,NON-INJURY ACCIDENT (PROPERTY- DAMAGE-ONLY ACCIDENT),WILD ANIMAL,45.56237416,-112.3251132,32.27511772,26.26104263
C000029N,045+0.008,,MADISON,July,2016,21:40,THU,NON-JUNCTION,ON ROADWAY,CLEAR,DRY,DARK-NOT LIGHTED,NON-INJURY ACCIDENT (PROPERTY- DAMAGE-ONLY ACCIDENT),WILD ANIMAL,45.57456617,-112.3221385,32.53862987,26.76118922
C000029N,046+0.004,,MADISON,September,2016,23:35,FRI,NON-JUNCTION,ON ROADWAY,CLOUDY,DRY,DARK-NOT LIGHTED,NON-INJURY ACCIDENT (PROPERTY- DAMAGE-ONLY ACCIDENT),DOMESTIC ANIMAL,45.58869324,-112.3187317,32.87086803,27.36402679
C000029N,046+0.809,NOT IN CITY LIMITS,MADISON,OCTOBER,2017,19:30,FRI,NON-JUNCTION,ON ROADWAY,CLEAR,DRY,DARK-NOT LIGHTED,NON-INJURY ACCIDENT (PROPERTY- DAMAGE-ONLY ACCIDENT),WILD ANIMAL,45.60014463,-112.3159356,33.1580553,27.86787632