MDT_CORRIDOR_ID,SMS_REFPOST_OFFSET,CITY,COUNTY,Month,Year,SMS_TIME,SMT_CRASH_OCC_DAY_OF_WEEK,JUNCTION_RELATED,ROADWAY_RELATED,WEATHER_COND,ROAD_COND,LIGHT_COND,CRASH_SEVERITY,COLLISION_TYPE,LATITUDE,LONGITUDE,Ennis Distance,Virginia City Distance
C000029N,046+0.995,,MADISON,August,2015,0:00,SAT,NON-JUNCTION,ROADSIDE LEFT,CLEAR,DRY,DAYLIGHT,INCAPACITATING INJURY ACCIDENT,ROLL OVER,45.60280209,-112.3152874,33.22715336,27.98682308
C000029N,047+0.073,NOT IN CITY LIMITS,MADISON,MAY,2017,19:25,FRI,NON-JUNCTION,ON ROADWAY,CLEAR,DRY,DAYLIGHT,NON-INJURY ACCIDENT (PROPERTY- DAMAGE-ONLY ACCIDENT),WILD ANIMAL,45.6038951,-112.3151577,33.26146393,28.04024525
C000029N,048+0.002,,MADISON,August,2016,6:20,SAT,NON-JUNCTION,ON ROADWAY,CLEAR,DRY,DAWN,NON-INJURY ACCIDENT (PROPERTY- DAMAGE-ONLY ACCIDENT),WILD ANIMAL,45.61701703,-112.3119042,33.6153276,28.63785374
C000029N,048+0.337,TWIN BRIDGES,MADISON,August,2014,14:40,WED,NON-JUNCTION,ON ROADWAY,CLEAR,DRY,DAYLIGHT,NON-INJURY ACCIDENT (PROPERTY- DAMAGE-ONLY ACCIDENT),"SIDESWIPE, SAME DIRECTION",45.62175675,-112.3104807,33.73843513,28.85043556
C000029N,048+0.603,,MADISON,October,2016,6:45,WED,NON-JUNCTION,ON ROADWAY,CLOUDY,DRY,DARK-NOT LIGHTED,NON-INJURY ACCIDENT (PROPERTY- DAMAGE-ONLY ACCIDENT),WILD ANIMAL,45.62557142,-112.3094043,33.84237203,29.02526739
C000029N,048+0.870,NOT IN CITY LIMITS,MADISON,SEPTEMBER,2017,20:39,THU,NON-JUNCTION,ON ROADWAY,CLOUDY,DRY,DARK-NOT LIGHTED,NON-INJURY ACCIDENT (PROPERTY- DAMAGE-ONLY ACCIDENT),WILD ANIMAL,45.6293323,-112.3085018,33.95293614,29.20371776
C000029N,049+0.915,NOT IN CITY LIMITS,MADISON,OCTOBER,2017,13:40,TUE,INTERSECTION,ON ROADWAY,CLEAR,DRY,DAYLIGHT,NON-INJURY ACCIDENT (PROPERTY- DAMAGE-ONLY ACCIDENT),"SIDESWIPE, SAME DIRECTION",45.64411196,-112.3109178,34.63671947,30.08820057
C000029N,050+0.065,,MADISON,September,2014,21:15,SUN,NON-JUNCTION,ROADSIDE RIGHT,RAIN,WET,DARK-NOT LIGHTED,NON-INJURY ACCIDENT (PROPERTY- DAMAGE-ONLY ACCIDENT),ROLL OVER,45.64558752,-112.3114496,34.71728007,30.18536179
C000029N,050+0.385,VIRGINIA CITY,MADISON,FEBRUARY,2017,22:52,TUE,NON-JUNCTION,ROADSIDE LEFT,SNOW,SNOW,DARK-NOT LIGHTED,NON-INJURY ACCIDENT (PROPERTY- DAMAGE-ONLY ACCIDENT),FIXED OBJECT,45.65012971,-112.3105659,34.86799896,30.41280237
C000029N,050+0.665,NOT IN CITY LIMITS,MADISON,AUGUST,2017,7:15,TUE,NON-JUNCTION,ON ROADWAY,CLEAR,DRY,DAYLIGHT,NON-INJURY ACCIDENT (PROPERTY- DAMAGE-ONLY ACCIDENT),WILD ANIMAL,45.65405498,-112.3095213,34.98917265,30.60270108
C000029N,050+0.870,,MADISON,May,2013,14:15,SAT,NON-JUNCTION,ON ROADWAY,CLOUDY,DRY,DAYLIGHT,NON-INJURY ACCIDENT (PROPERTY- DAMAGE-ONLY ACCIDENT),WILD ANIMAL,45.65692,-112.30765,35.03602601,30.71106614
C000029N,052+0.790,,MADISON,September,2013,20:20,SAT,NON-JUNCTION,ON ROADWAY,CLOUDY,DRY,DARK-NOT LIGHTED,NON-INJURY ACCIDENT (PROPERTY- DAMAGE-ONLY ACCIDENT),WILD ANIMAL,45.68088,-112.289665,35.39180348,31.60112404
C000029N,053+0.217,SHERIDAN,MADISON,NOVEMBER,2017,19:30,SAT,NON-JUNCTION,ON ROADWAY,CLEAR,DRY,DARK-NOT LIGHTED,NON-INJURY ACCIDENT (PROPERTY- DAMAGE-ONLY ACCIDENT),WILD ANIMAL,45.68657122,-112.2854202,35.4913556,31.82579313
C000029N,054+0.011,,MADISON,August,2015,6:20,SUN,NON-JUNCTION,ON ROADWAY,CLOUDY,DRY,DAYLIGHT,NON-INJURY ACCIDENT (PROPERTY- DAMAGE-ONLY ACCIDENT),WILD ANIMAL,45.69608,-112.2763,35.59678955,32.16171998
C000029N,054+0.061,NOT IN CITY LIMITS,MADISON,SEPTEMBER,2017,22:45,SAT,NON-JUNCTION,ON ROADWAY,CLOUDY,DRY,DARK-NOT LIGHTED,NON-INJURY ACCIDENT (PROPERTY- DAMAGE-ONLY ACCIDENT),WILD ANIMAL,45.6967,-112.27564,35.60193256,32.18258909
C000029N,054+0.531,,MADISON,January,2014,19:45,SUN,NON-JUNCTION,ON ROADWAY,CLEAR,DRY,DARK-NOT LIGHTED,NON-INJURY ACCIDENT (PROPERTY- DAMAGE-ONLY ACCIDENT),WILD ANIMAL,45.702675,-112.27107,35.71879497,32.4301485
C000029N,055+0.016,,MADISON,August,2015,15:35,FRI,NON-JUNCTION,ON ROADWAY,CLEAR,DRY,DAYLIGHT,NON-INJURY ACCIDENT (PROPERTY- DAMAGE-ONLY ACCIDENT),OTHER,45.71119124,-112.2649643,35.90949499,32.80080423
C000029N,055+0.029,NOT IN CITY LIMITS,MADISON,NOVEMBER,2017,19:20,THU,NON-JUNCTION,ON ROADWAY,CLEAR,WET,DARK-NOT LIGHTED,NON-INJURY ACCIDENT (PROPERTY- DAMAGE-ONLY ACCIDENT),WILD ANIMAL,45.71129574,-112.2649149,35.91279044,32.80599882
C000029N,055+0.035,NOT IN CITY LIMITS,MADISON,DECEMBER,2017,18:00,TUE,NON-JUNCTION,ROADSIDE RIGHT,CLEAR,DRY,DARK-NOT LIGHTED,NON-INJURY ACCIDENT (PROPERTY- DAMAGE-ONLY ACCIDENT),WILD ANIMAL,45.71136932,-112.2648093,35.91265253,32.80802017
C000029N,055+0.741,,MADISON,November,2015,20:10,MON,NON-JUNCTION,ON ROADWAY,CLEAR,DRY,DARK-NOT LIGHTED,NON-INJURY ACCIDENT (PROPERTY- DAMAGE-ONLY ACCIDENT),WILD ANIMAL,45.71985726,-112.2569279,36.05272983,33.14640918
C000029N,056+0.112,,MADISON,November,2015,6:30,WED,NON-JUNCTION,ON ROADWAY,CLEAR,DRY,DAWN,NON-INJURY ACCIDENT (PROPERTY- DAMAGE-ONLY ACCIDENT),WILD ANIMAL,45.72196931,-112.2539659,36.05569979,33.21026353
C000029N,056+0.780,NOT IN CITY LIMITS,MADISON,NOVEMBER,2017,0:35,THU,NON-JUNCTION,ON ROADWAY,SNOW,ICE/FROST,DARK-NOT LIGHTED,NON-INJURY ACCIDENT (PROPERTY- DAMAGE-ONLY ACCIDENT),WILD ANIMAL,45.72707914,-112.242205,35.9146349,33.27149269
C000029N,057+0.894,,MADISON,October,2014,19:45,FRI,NON-JUNCTION,ON ROADWAY,CLEAR,DRY,DARK-NOT LIGHTED,NON-INJURY ACCIDENT (PROPERTY- DAMAGE-ONLY ACCIDENT),WILD ANIMAL,45.74043,-112.234305,36.33203764,33.94104238
C000049N,014+0.280,,MADISON,April,2013,2:15,SAT,NON-JUNCTION,SHOULDER,CLOUDY,DRY,DARK-NOT LIGHTED,INCAPACITATING INJURY ACCIDENT,ROLL OVER,45.37866179,-112.4559349,35.17685253,25.66083343
C000049N,014+0.349,NOT IN CITY LIMITS,MADISON,DECEMBER,2017,17:40,THU,INTERSECTION-RELATED,ON ROADWAY,CLOUDY,WET,DARK-NOT LIGHTED,NON-INCAPACITATING EVIDENT INJURY ACCIDENT,REAR-END,45.37933283,-112.4549665,35.13242389,25.62550866
C000049N,014+0.650,,MADISON,May,2013,5:10,SUN,NON-JUNCTION,ROADSIDE RIGHT,CLEAR,DRY,DARK-NOT LIGHTED,POSSIBLE INJURY ACCIDENT,FIXED OBJECT,45.38334833,-112.4531717,35.06175036,25.60521804
C000049N,014+0.780,,MADISON,June,2013,21:26,SAT,NON-JUNCTION,ON ROADWAY,CLOUDY,DRY,DARK-NOT LIGHTED,INCAPACITATING INJURY ACCIDENT,WILD ANIMAL,45.38534566,-112.4530795,35.06620881,25.6340372
C000049N,014+0.857,,MADISON,AUGUST,2017,6:25,WED,NON-JUNCTION,ON ROADWAY,CLEAR,DRY,DARK-NOT LIGHTED,NON-INJURY ACCIDENT (PROPERTY- DAMAGE-ONLY ACCIDENT),ROLL OVER,45.38635647,-112.4532173,35.07760223,25.65757046
C000049N,015+0.577,,MADISON,March,2014,15:40,WED,NON-JUNCTION,ROADSIDE RIGHT,CLEAR,DRY,DAYLIGHT,NON-INJURY ACCIDENT (PROPERTY- DAMAGE-ONLY ACCIDENT),FIXED OBJECT,45.39650491,-112.4501528,34.98456817,25.69546136
C000049N,015+0.658,,MADISON,October,2015,19:20,MON,NON-JUNCTION,ROADSIDE RIGHT,CLEAR,DRY,DARK-NOT LIGHTED,NON-INJURY ACCIDENT (PROPERTY- DAMAGE-ONLY ACCIDENT),FIXED OBJECT,45.397635,-112.44964,34.96681696,25.69291637
C000049N,015+0.918,,MADISON,July,2016,18:25,FRI,NON-JUNCTION,ROADSIDE RIGHT,CLOUDY,DRY,DAYLIGHT,INCAPACITATING INJURY ACCIDENT,ROLL OVER,45.40117809,-112.4477872,34.90052706,25.67524185
C000049N,016+0.000,,MADISON,October,2013,22:44,FRI,NON-JUNCTION,ON ROADWAY,CLEAR,DRY,DARK-NOT LIGHTED,NON-INJURY ACCIDENT (PROPERTY- DAMAGE-ONLY ACCIDENT),DOMESTIC ANIMAL,45.39580386,-112.4505542,34.99969787,25.70106216
C000049N,016+0.000,,MADISON,September,2013,20:45,WED,NON-JUNCTION,ON ROADWAY,CLEAR,DRY,DARK-NOT LIGHTED,NON-INJURY ACCIDENT (PROPERTY- DAMAGE-ONLY ACCIDENT),WILD ANIMAL,45.40251,-112.44739,34.8905275,25.68318397
C000049N,016+0.006,,MADISON,December,2015,20:40,TUE,NON-JUNCTION,SHOULDER,CLOUDY,DRY,DARK-NOT LIGHTED,NON-INCAPACITATING EVIDENT INJURY ACCIDENT,FIXED OBJECT,45.40251333,-112.4469283,34.86826746,25.66180661
C000049N,016+0.155,NOT IN CITY LIMITS,MADISON,NOVEMBER,2017,10:30,SAT,CROSSOVER-RELATED,ON ROADWAY,SNOW,ICE/FROST,DAYLIGHT,NON-INJURY ACCIDENT (PROPERTY- DAMAGE-ONLY ACCIDENT),REAR-END,45.40468229,-112.4465895,34.86739285,25.68979348
C000049N,017+0.002,,MADISON,June,2014,8:20,TUE,NON-JUNCTION,ROADSIDE RIGHT,CLEAR,DRY,DAYLIGHT,NON-INCAPACITATING EVIDENT INJURY ACCIDENT,ROLL OVER,45.41568,-112.43978,34.62808342,25.61112877
C000049N,017+0.014,SHERIDAN,MADISON,APRIL,2017,14:17,SAT,NON-JUNCTION,OUTSIDE RIGHT-OF-WAY (TRAFFICWAY),CLOUDY,DRY,DAYLIGHT,NON-INCAPACITATING EVIDENT INJURY ACCIDENT,FIXED OBJECT,45.41578061,-112.4395327,34.61708006,25.60204785
C000049N,017+0.240,,MADISON,August,2013,9:33,WED,NON-JUNCTION,ROADSIDE RIGHT,CLEAR,DRY,DAYLIGHT,INCAPACITATING INJURY ACCIDENT,ROLL OVER,45.41907429,-112.4380003,34.57339835,25.60696041
C000049N,017+0.956,,MADISON,August,2014,18:35,SUN,NON-JUNCTION,ROADSIDE RIGHT,CLOUDY,DRY,DAYLIGHT,NON-INJURY ACCIDENT (PROPERTY- DAMAGE-ONLY ACCIDENT),FIXED OBJECT,45.428425,-112.43211,34.38442868,25.56346741
C000049N,018+0.089,NOT IN CITY LIMITS,MADISON,MAY,2017,11:15,WED,NON-JUNCTION,ON ROADWAY,UNKNOWN,UNKNOWN,DARK-NOT LIGHTED,NON-INJURY ACCIDENT (PROPERTY- DAMAGE-ONLY ACCIDENT),NOT FIXED OBJECT OR DEBRIS,45.43029537,-112.4307566,34.3398733,25.54920634
C000049N,019+0.016,,MADISON,December,2016,15:40,SAT,NON-JUNCTION,ROADSIDE RIGHT,CLOUDY,ICE/FROST,DAYLIGHT,NON-INJURY ACCIDENT (PROPERTY- DAMAGE-ONLY ACCIDENT),NOT FIXED OBJECT OR DEBRIS,45.44232744,-112.4234014,34.13108887,25.53717061
C000049N,019+0.115,,MADISON,May,2014,17:00,TUE,NON-JUNCTION,ROADSIDE RIGHT,CLEAR,DRY,DAYLIGHT,INCAPACITATING INJURY ACCIDENT,ROLL OVER,45.44354333,-112.4222617,34.09238327,25.52014658
C000049N,019+0.165,,MADISON,March,2014,9:40,MON,NON-JUNCTION,ROADSIDE RIGHT,CLEAR,DRY,DAYLIGHT,INCAPACITATING INJURY ACCIDENT,ROLL OVER,45.44418546,-112.421765,34.0770534,25.51597757
C000049N,019+0.202,NOT IN CITY LIMITS,MADISON,JUNE,2017,8:40,FRI,NON-JUNCTION,ROADSIDE LEFT,CLEAR,DRY,DAYLIGHT,NON-INCAPACITATING EVIDENT INJURY ACCIDENT,ROLL OVER,45.44469089,-112.4215396,34.07291569,25.52010406
C000049N,019+0.233,,MADISON,October,2015,10:30,SAT,NON-JUNCTION,ROADSIDE RIGHT,CLEAR,DRY,DAYLIGHT,NON-INCAPACITATING EVIDENT INJURY ACCIDENT,ROLL OVER,45.44509037,-112.4211229,34.05832018,25.51283504
C000049N,019+0.258,,MADISON,January,2016,18:00,SAT,NON-JUNCTION,ROADSIDE RIGHT,CLOUDY,DRY,DARK-NOT LIGHTED,NON-INCAPACITATING EVIDENT INJURY ACCIDENT,FIXED OBJECT,45.44545591,-112.4211366,34.06378474,25.52371087
C000049N,019+0.276,NOT IN CITY LIMITS,MADISON,SEPTEMBER,2017,14:57,TUE,NON-JUNCTION,ROADSIDE LEFT,CLEAR,DRY,DAYLIGHT,NON-INJURY ACCIDENT (PROPERTY- DAMAGE-ONLY ACCIDENT),OTHER,45.44583754,-112.4215168,34.08691703,25.55128267
C000049N,019+0.332,NOT IN CITY LIMITS,MADISON,MARCH,2017,14:45,WED,NON-JUNCTION,ROADSIDE LEFT,CLEAR,DRY,DAYLIGHT,NON-INCAPACITATING EVIDENT INJURY ACCIDENT,FIXED OBJECT,45.44653833,-112.4208217,34.06316396,25.54031547
C000049N,019+0.698,,MADISON,January,2015,12:00,SUN,NON-JUNCTION,ROADSIDE RIGHT,CLEAR,DRY,DAYLIGHT,NON-INJURY ACCIDENT (PROPERTY- DAMAGE-ONLY ACCIDENT),ROLL OVER,45.45139333,-112.41784,33.98801527,25.54851114
C000049N,019+0.740,,MADISON,May,2013,8:50,MON,INTERSECTION,ON ROADWAY,CLEAR,DRY,DAYLIGHT,NON-INCAPACITATING EVIDENT INJURY ACCIDENT,"RIGHT TURN, SAME DIRECTION",45.45208334,-112.4177017,33.99118518,25.56262991
C000049N,019+0.890,,MADISON,July,2014,10:20,SUN,NON-JUNCTION,ROADSIDE RIGHT,CLEAR,DRY,DAYLIGHT,NON-INJURY ACCIDENT (PROPERTY- DAMAGE-ONLY ACCIDENT),ROLL OVER,45.45401,-112.4165,33.9617407,25.56678989
C000049N,019+1.002,,MADISON,September,2014,9:00,SUN,NON-JUNCTION,ROADSIDE RIGHT,CLOUDY,WET,DAYLIGHT,NON-INJURY ACCIDENT (PROPERTY- DAMAGE-ONLY ACCIDENT),ROLL OVER,45.45547,-112.41546,33.93370074,25.564844
C000049N,020+0.341,,MADISON,August,2014,13:20,MON,NON-JUNCTION,OFF ROADWAY LOCATION UNKNOWN,CLEAR,DRY,DAYLIGHT,NON-INJURY ACCIDENT (PROPERTY- DAMAGE-ONLY ACCIDENT),FIXED OBJECT,45.460045,-112.4127183,33.87257594,25.58442199
C000049N,021+0.138,,MADISON,November,2015,18:30,SAT,NON-JUNCTION,ON ROADWAY,CLEAR,DRY,DARK-NOT LIGHTED,NON-INJURY ACCIDENT (PROPERTY- DAMAGE-ONLY ACCIDENT),WILD ANIMAL,45.47047833,-112.4060483,33.72626522,25.62842078
C000049N,021+0.380,NOT IN CITY LIMITS,MADISON,MARCH,2017,0:10,TUE,NON-JUNCTION,ON ROADWAY,CLOUDY,DRY,DARK-NOT LIGHTED,NON-INCAPACITATING EVIDENT INJURY ACCIDENT,DOMESTIC ANIMAL,45.47363,-112.403925,33.68052512,25.64190047
C000049N,021+0.665,NOT IN CITY LIMITS,MADISON,NOVEMBER,2017,21:40,THU,NON-JUNCTION,ON ROADWAY,CLOUDY,ICE/FROST,DARK-NOT LIGHTED,NON-INJURY ACCIDENT (PROPERTY- DAMAGE-ONLY ACCIDENT),WILD ANIMAL,45.47737231,-112.4015749,33.63639463,25.66807004
C000049N,022+0.003,,MADISON,May,2016,16:55,SUN,NON-JUNCTION,ROADSIDE RIGHT,CLOUDY,DRY,DAYLIGHT,NON-INCAPACITATING EVIDENT INJURY ACCIDENT,ROLL OVER,45.48196,-112.39867,33.58436393,25.70337046
C000049N,022+0.362,,MADISON,October,2015,17:13,THU,NON-JUNCTION,ON ROADWAY,CLOUDY,DRY,DAYLIGHT,FATAL ACCIDENT,RIGHT ANGLE,45.48669333,-112.39544,33.52354894,25.73498872
C000049N,022+0.480,,MADISON,April,2014,6:10,MON,NON-JUNCTION,ON ROADWAY,CLEAR,DRY,DAWN,NON-INJURY ACCIDENT (PROPERTY- DAMAGE-ONLY ACCIDENT),WILD ANIMAL,45.48817667,-112.3944283,33.5053051,25.74596693
C000049N,022+0.542,,MADISON,December,2016,8:50,THU,NON-JUNCTION,ROADSIDE LEFT,CLOUDY,DRY,DAYLIGHT,NON-INJURY ACCIDENT (PROPERTY- DAMAGE-ONLY ACCIDENT),FIXED OBJECT,45.48894,-112.3936617,33.48464089,25.74163719
C000049N,022+0.585,,MADISON,September,2015,16:10,SAT,NON-JUNCTION,ROADSIDE LEFT,CLEAR,DRY,DAYLIGHT,NON-INJURY ACCIDENT (PROPERTY- DAMAGE-ONLY ACCIDENT),FIXED OBJECT,45.48954188,-112.3933165,33.48046141,25.74904732
C000049N,022+0.622,,MADISON,May,2016,21:55,SAT,NON-JUNCTION,ROADSIDE RIGHT,CLOUDY,DRY,DARK-NOT LIGHTED,POSSIBLE INJURY ACCIDENT,FIXED OBJECT,45.48992722,-112.3928709,33.46739417,25.74455983
C000049N,022+0.690,,MADISON,May,2013,5:35,MON,NON-JUNCTION,ROADSIDE RIGHT,CLEAR,DRY,DAWN,NON-INCAPACITATING EVIDENT INJURY ACCIDENT,ROLL OVER,45.49088833,-112.3921133,33.45134185,25.74814066
C000049N,022+0.895,,MADISON,August,2016,5:55,THU,NON-JUNCTION,ON ROADWAY,CLEAR,DRY,DAWN,NON-INJURY ACCIDENT (PROPERTY- DAMAGE-ONLY ACCIDENT),WILD ANIMAL,45.49328017,-112.3898214,33.39329444,25.74135466
C000049N,023+0.180,,MADISON,October,2016,20:45,SUN,NON-JUNCTION,ON ROADWAY,CLOUDY,WET,DARK-NOT LIGHTED,NON-INJURY ACCIDENT (PROPERTY- DAMAGE-ONLY ACCIDENT),WILD ANIMAL,45.49667,-112.3870133,33.33322908,25.75230952
C000049N,024+0.282,,MADISON,September,2016,5:30,THU,NON-JUNCTION,ON ROADWAY,CLOUDY,DRY,DARK-NOT LIGHTED,NON-INJURY ACCIDENT (PROPERTY- DAMAGE-ONLY ACCIDENT),WILD ANIMAL,45.51016,-112.37472,33.06416519,25.77992815
C000049N,024+0.345,,MADISON,October,2016,19:50,SAT,NON-JUNCTION,ON ROADWAY,CLOUDY,DRY,DARK-NOT LIGHTED,NON-INJURY ACCIDENT (PROPERTY- DAMAGE-ONLY ACCIDENT),WILD ANIMAL,45.510925,-112.3742017,33.05812044,25.7899848
C000049N,024+0.741,,MADISON,August,2014,21:05,THU,NON-JUNCTION,ON ROADWAY,CLEAR,DRY,DARK-NOT LIGHTED,NON-INCAPACITATING EVIDENT INJURY ACCIDENT,WILD ANIMAL,45.515745,-112.36967,32.96487462,25.80685895
C000049N,024+1.008,NOT IN CITY LIMITS,MADISON,AUGUST,2017,19:35,MON,NON-JUNCTION,ROADSIDE RIGHT,"FOG, SMOG, SMOKE",DRY,DAYLIGHT,NON-INCAPACITATING EVIDENT INJURY ACCIDENT,BICYCLE,45.51902,-112.36674,32.91090231,25.82763083
C000049N,025+0.053,NOT IN CITY LIMITS,MADISON,OCTOBER,2017,23:50,TUE,NON-JUNCTION,ROADSIDE LEFT,CLEAR,DRY,DARK-NOT LIGHTED,INCAPACITATING INJURY ACCIDENT,ROLL OVER,45.51962603,-112.3661272,32.89794785,25.82904555
C000049N,025+0.480,,MADISON,January,2013,15:30,WED,NON-JUNCTION,ROADSIDE RIGHT,CLEAR,SNOW,DAYLIGHT,NON-INCAPACITATING EVIDENT INJURY ACCIDENT,FIXED OBJECT,45.52480833,-112.36109,32.79941333,25.85307864
C000049N,025+0.878,NOT IN CITY LIMITS,MADISON,JANUARY,2017,12:20,SAT,NON-JUNCTION,ON ROADWAY,CLEAR,DRY,DAYLIGHT,NON-INJURY ACCIDENT (PROPERTY- DAMAGE-ONLY ACCIDENT),WILD ANIMAL,45.52977708,-112.3572006,32.75223595,25.91841604
C000049N,025+0.896,,MADISON,May,2015,19:25,SUN,NON-JUNCTION,OFF ROADWAY LOCATION UNKNOWN,CLEAR,DRY,DAYLIGHT,NON-INJURY ACCIDENT (PROPERTY- DAMAGE-ONLY ACCIDENT),FIXED OBJECT,45.53001991,-112.3570302,32.75093144,25.92249957
C000049N,025+0.927,,MADISON,February,2015,2:08,WED,NON-JUNCTION,ROADSIDE RIGHT,CLEAR,DRY,DARK-NOT LIGHTED,POSSIBLE INJURY ACCIDENT,ROLL OVER,45.53044667,-112.35666,32.74549617,25.9270426
C000049N,026+0.466,,MADISON,July,2015,10:42,FRI,NON-JUNCTION,ON ROADWAY,CLEAR,DRY,DAYLIGHT,NON-INJURY ACCIDENT (PROPERTY- DAMAGE-ONLY ACCIDENT),WILD ANIMAL,45.53628667,-112.3498167,32.59559932,25.92785625
C000049N,026+0.640,,MADISON,February,2015,17:01,TUE,NON-JUNCTION,ON ROADWAY,CLOUDY,DRY,DARK-LIGHTED,NON-INJURY ACCIDENT (PROPERTY- DAMAGE-ONLY ACCIDENT),WILD ANIMAL,45.53816667,-112.3473467,32.53713782,25.92053303
C000049N,026+0.963,TWIN BRIDGES,MADISON,October,2016,10:00,SAT,NON-JUNCTION,ROADSIDE RIGHT,CLOUDY,DRY,DAYLIGHT,NON-INJURY ACCIDENT (PROPERTY- DAMAGE-ONLY ACCIDENT),FIXED OBJECT,45.54179697,-112.3431309,32.45117823,25.92998479
C000049N,027+0.001,NOT IN CITY LIMITS,MADISON,AUGUST,2017,20:08,SAT,NON-JUNCTION,ROADSIDE RIGHT,"FOG, SMOG, SMOKE",DRY,DAYLIGHT,POSSIBLE INJURY ACCIDENT,ROLL OVER,45.54246,-112.34217,32.42737014,25.92520702
C000049N,027+0.125,TWIN BRIDGES,MADISON,May,2014,21:45,MON,NON-JUNCTION,ON ROADWAY,CLEAR,DRY,DUSK,NON-INJURY ACCIDENT (PROPERTY- DAMAGE-ONLY ACCIDENT),WILD ANIMAL,45.54357843,-112.340075,32.36655793,25.90035483
C000049N,027+0.460,TWIN BRIDGES,MADISON,August,2016,19:35,MON,INTERSECTION-RELATED,ROADSIDE RIGHT,CLEAR,DRY,DAYLIGHT,NON-INJURY ACCIDENT (PROPERTY- DAMAGE-ONLY ACCIDENT),FIXED OBJECT,45.54424091,-112.3333755,32.09037964,25.68945031
C002938N,000+0.000,ROUNDUP,MADISON,February,2014,11:01,SAT,INTERSECTION,ON ROADWAY,CLEAR,ICE/FROST,DAYLIGHT,POSSIBLE INJURY ACCIDENT,RIGHT ANGLE,46.446826,-108.538963,171.2471231,182.0160616
C000055N,000+0.313,,MADISON,November,2015,22:05,TUE,NON-JUNCTION,ON ROADWAY,CLEAR,DRY,DARK-NOT LIGHTED,NON-INJURY ACCIDENT (PROPERTY- DAMAGE-ONLY ACCIDENT),WILD ANIMAL,45.73437208,-112.2291431,35.85474163,33.45671432
C000055N,000+0.370,,MADISON,July,2013,14:30,THU,NON-JUNCTION,ON ROADWAY,CLEAR,DRY,DAYLIGHT,INCAPACITATING INJURY ACCIDENT,"SIDESWIPE, SAME DIRECTION",45.73489667,-112.2280667,35.84670634,33.46800651
C000055N,000+0.574,TWIN BRIDGES,MADISON,DECEMBER,2017,11:30,THU,NON-JUNCTION,ROADSIDE RIGHT,CLEAR,DRY,DAYLIGHT,NON-INJURY ACCIDENT (PROPERTY- DAMAGE-ONLY ACCIDENT),ROLL OVER,45.73670959,-112.2249146,35.83805641,33.51917582
C000055N,001+0.030,,MADISON,August,2013,21:35,WED,NON-JUNCTION,ON ROADWAY,CLEAR,DRY,DARK-NOT LIGHTED,NON-INJURY ACCIDENT (PROPERTY- DAMAGE-ONLY ACCIDENT),WILD ANIMAL,45.74007521,-112.2177904,35.78445905,33.59246902
C000055N,001+0.334,,MADISON,August,2016,15:15,FRI,NON-JUNCTION,SHOULDER,CLOUDY,DRY,DAYLIGHT,NON-INCAPACITATING EVIDENT INJURY ACCIDENT,ROLL OVER,45.74236424,-112.2124413,35.73489316,33.63565459
C000055N,001+0.640,,MADISON,May,2013,22:54,TUE,NON-JUNCTION,ROADSIDE RIGHT,CLOUDY,DRY,DARK-NOT LIGHTED,NON-INJURY ACCIDENT (PROPERTY- DAMAGE-ONLY ACCIDENT),ROLL OVER,45.74462333,-112.20693,35.68122109,33.67661891
C000055N,001+0.793,,MADISON,February,2015,7:15,WED,NON-JUNCTION,ON ROADWAY,CLEAR,DRY,DAWN,POSSIBLE INJURY ACCIDENT,WILD ANIMAL,45.74585167,-112.2044083,35.66784174,33.70874106
C000084E,000+0.020,,MADISON,June,2013,8:45,SAT,INTERSECTION-RELATED,OUTSIDE RIGHT-OF-WAY (TRAFFICWAY),CLEAR,DRY,DAYLIGHT,POSSIBLE INJURY ACCIDENT,NOT FIXED OBJECT OR DEBRIS,45.57033333,-111.6898183,15.41381487,22.65282997
C000084E,000+0.129,NOT IN CITY LIMITS,MADISON,AUGUST,2017,12:45,THU,NON-JUNCTION,ROADSIDE RIGHT,CLEAR,DRY,DAYLIGHT,NON-INJURY ACCIDENT (PROPERTY- DAMAGE-ONLY ACCIDENT),NOT FIXED OBJECT OR DEBRIS,45.57073862,-111.6878885,15.45437458,22.72688833
C000084E,000+0.302,,MADISON,May,2015,18:40,SAT,NON-JUNCTION,ON ROADWAY,CLEAR,DRY,DAYLIGHT,NON-INJURY ACCIDENT (PROPERTY- DAMAGE-ONLY ACCIDENT),REAR-END,45.57274093,-111.6859843,15.60443462,22.89307044