MDT_CORRIDOR_ID,SMS_REFPOST_OFFSET,CITY,COUNTY,Month,Year,SMS_TIME,SMT_CRASH_OCC_DAY_OF_WEEK,JUNCTION_RELATED,ROADWAY_RELATED,WEATHER_COND,ROAD_COND,LIGHT_COND,CRASH_SEVERITY,COLLISION_TYPE,LATITUDE,LONGITUDE,Ennis Distance,Virginia City Distance
C029008N,000+0.190,NOT IN CITY LIMITS,MADISON,AUGUST,2017,17:15,WED,NON-JUNCTION,SHOULDER,CLOUDY,DRY,DAYLIGHT,NON-INJURY ACCIDENT (PROPERTY- DAMAGE-ONLY ACCIDENT),FIXED OBJECT,45.64583333,111.8913889,5610.219535,5608.58023
C029008N,003+0.642,,MADISON,November,2015,9:20,FRI,NON-JUNCTION,ON ROADWAY,CLEAR,SNOW,DAYLIGHT,NON-INJURY ACCIDENT (PROPERTY- DAMAGE-ONLY ACCIDENT),HEAD ON,45.70916214,-111.8863047,25.95664423,28.80218148
C029009N,002+0.331,,MADISON,November,2014,23:00,FRI,NON-JUNCTION,ROADSIDE LEFT,SNOW,DRY,DARK-NOT LIGHTED,NON-INJURY ACCIDENT (PROPERTY- DAMAGE-ONLY ACCIDENT),ROLL OVER,45.69910177,-111.8357279,24.68224859,28.44767135
C029010N,000+0.076,NOT IN CITY LIMITS,MADISON,AUGUST,2017,17:35,SAT,NON-JUNCTION,ON ROADWAY,CLEAR,DRY,DAYLIGHT,POSSIBLE INJURY ACCIDENT,ROLL OVER,45.44449448,-111.7616166,6.729406823,13.5717988
C029010N,000+0.937,,MADISON,February,2015,22:36,TUE,NON-JUNCTION,ON ROADWAY,CLEAR,DRY,DARK-NOT LIGHTED,NON-INJURY ACCIDENT (PROPERTY- DAMAGE-ONLY ACCIDENT),FIRE/ EXPLOSION,45.44448213,-111.7792708,6.958861433,13.03640662
C029010N,004+0.346,,MADISON,June,2014,15:05,MON,NON-JUNCTION,ROADSIDE LEFT,CLEAR,WET,DAYLIGHT,NON-INCAPACITATING EVIDENT INJURY ACCIDENT,FIXED OBJECT,45.44849167,-111.84332,8.712008131,11.6829151
C029012N,000+0.037,NOT IN CITY LIMITS,MADISON,MAY,2017,7:55,SAT,NON-JUNCTION,OUTSIDE RIGHT-OF-WAY (TRAFFICWAY),CLOUDY,DRY,DAYLIGHT,NON-INJURY ACCIDENT (PROPERTY- DAMAGE-ONLY ACCIDENT),RIGHT ANGLE,45.45791333,-112.17869,22.90903802,16.14509899
C029012N,000+0.660,,MADISON,March,2013,0:00,SUN,NON-JUNCTION,ROADSIDE RIGHT,CLEAR,DRY,DARK-NOT LIGHTED,NON-INCAPACITATING EVIDENT INJURY ACCIDENT,FIXED OBJECT,45.45958411,-112.1660427,22.36906497,15.79650169
C029012N,000+0.834,,MADISON,December,2016,19:55,SAT,NON-JUNCTION,ON ROADWAY,CLOUDY,ICE/FROST,DARK-NOT LIGHTED,NON-INJURY ACCIDENT (PROPERTY- DAMAGE-ONLY ACCIDENT),FIXED OBJECT,45.4604653,-112.1626884,22.23696445,15.72899817
C029012N,002+0.844,NOT IN CITY LIMITS,MADISON,JULY,2017,9:25,TUE,NON-JUNCTION,ROADSIDE RIGHT,CLEAR,DRY,DAYLIGHT,NON-INCAPACITATING EVIDENT INJURY ACCIDENT,ROLL OVER,45.46802628,-112.1256695,20.76083841,14.97738131
C029012N,003+0.748,NOT IN CITY LIMITS,MADISON,DECEMBER,2017,15:00,FRI,NON-JUNCTION,ROADSIDE LEFT,CLOUDY,ICE/FROST,DAYLIGHT,NON-INJURY ACCIDENT (PROPERTY- DAMAGE-ONLY ACCIDENT),ROLL OVER,45.47066272,-112.1079519,20.04941821,14.63204925
C029017N,005+0.220,,MADISON,October,2013,8:30,TUE,NON-JUNCTION,ROADSIDE RIGHT,CLEAR,ICE/FROST,DAYLIGHT,NON-INJURY ACCIDENT (PROPERTY- DAMAGE-ONLY ACCIDENT),FIXED OBJECT,45.7845919,-112.1284015,35.65631856,35.07632301
C029017N,005+0.732,NOT IN CITY LIMITS,MADISON,JANUARY,2017,15:35,WED,NON-JUNCTION,ON ROADWAY,CLOUDY,ICE/FROST,DAYLIGHT,NON-INJURY ACCIDENT (PROPERTY- DAMAGE-ONLY ACCIDENT),"SIDESWIPE, OPPOSITE DIRECTION",45.79160748,-112.1267576,36.02336657,35.52456894
C029017N,006+0.303,,MADISON,June,2015,2:45,SAT,NON-JUNCTION,ROADSIDE LEFT,CLEAR,DRY,DARK-NOT LIGHTED,FATAL ACCIDENT,FIXED OBJECT,45.79552358,-112.1173298,36.01512234,35.6748096
C029017N,007+0.554,NOT IN CITY LIMITS,MADISON,JUNE,2017,21:00,THU,NON-JUNCTION,ROADSIDE LEFT,CLEAR,DRY,DUSK,FATAL ACCIDENT,ROLL OVER,45.80691635,-112.1113124,36.54358655,36.37265068
C029017N,010+0.729,,MADISON,October,2015,22:00,FRI,NON-JUNCTION,ON ROADWAY,CLEAR,DRY,DARK-NOT LIGHTED,NON-INJURY ACCIDENT (PROPERTY- DAMAGE-ONLY ACCIDENT),FIXED OBJECT,45.829925,-112.0712833,37.0298794,37.55072104
C029020N,001+0.990,NOT IN CITY LIMITS,MADISON,MAY,2017,22:15,FRI,NON-JUNCTION,ROADSIDE LEFT,CLOUDY,DRY,DARK-NOT LIGHTED,NON-INCAPACITATING EVIDENT INJURY ACCIDENT,ROLL OVER,45.61527666,-111.8750984,19.63455193,22.42310558
C029020N,005+0.040,,MADISON,June,2015,21:45,SAT,NON-JUNCTION,ROADSIDE LEFT,CLEAR,DRY,DARK-NOT LIGHTED,INCAPACITATING INJURY ACCIDENT,ROLL OVER,45.58212314,-111.9043401,18.11560935,19.98172445
C029020N,005+0.071,,MADISON,April,2016,17:30,SAT,NON-JUNCTION,ROADSIDE LEFT,CLOUDY,WET,DAYLIGHT,NON-INJURY ACCIDENT (PROPERTY- DAMAGE-ONLY ACCIDENT),ROLL OVER,45.58171016,-111.9047094,18.09852974,19.9516998
C029025N,000+0.916,NOT IN CITY LIMITS,MADISON,DECEMBER,2017,11:00,SAT,NON-JUNCTION,ROADSIDE RIGHT,CLEAR,ICE/FROST,DAYLIGHT,NON-INCAPACITATING EVIDENT INJURY ACCIDENT,FIXED OBJECT,45.85276737,-112.0127391,37.33283522,38.75377721
C029025N,001+0.037,,MADISON,September,2016,4:50,SAT,NON-JUNCTION,ON ROADWAY,CLOUDY,DRY,DARK-NOT LIGHTED,NON-INCAPACITATING EVIDENT INJURY ACCIDENT,ROLL OVER,45.85460608,-112.0128968,37.45392531,38.88098978
C029031N,003+0.560,,MADISON,September,2013,16:26,SUN,DRIVEWAY/ALLEY ACCESS RELATED,ON ROADWAY,CLEAR,DRY,DAYLIGHT,NON-INJURY ACCIDENT (PROPERTY- DAMAGE-ONLY ACCIDENT),RIGHT ANGLE,45.49381667,-112.2342817,26.30318304,19.80537727
C029032N,000+0.515,VIRGINIA CITY,MADISON,JANUARY,2017,17:50,THU,NON-JUNCTION,ROADSIDE LEFT,SNOW,SNOW,DARK-NOT LIGHTED,NON-INJURY ACCIDENT (PROPERTY- DAMAGE-ONLY ACCIDENT),FIXED OBJECT,45.46561512,-112.1948233,23.8226709,17.07677854
C029032N,000+0.710,,MADISON,May,2013,19:50,SAT,NON-JUNCTION,ROADSIDE LEFT,CLOUDY,DRY,DAYLIGHT,NON-INCAPACITATING EVIDENT INJURY ACCIDENT,FIXED OBJECT,45.468435,-112.1947533,23.88540835,17.20991129
C029032N,002+0.384,,MADISON,November,2016,7:30,MON,NON-JUNCTION,ROADSIDE LEFT,SNOW,ICE/FROST,DAWN,NON-INJURY ACCIDENT (PROPERTY- DAMAGE-ONLY ACCIDENT),FIXED OBJECT,45.49148798,-112.1916627,24.33878826,18.25828703
C029032N,002+0.494,NOT IN CITY LIMITS,MADISON,JULY,2017,23:00,SUN,NON-JUNCTION,ROADSIDE LEFT,CLOUDY,DRY,DARK-NOT LIGHTED,NON-INJURY ACCIDENT (PROPERTY- DAMAGE-ONLY ACCIDENT),ROLL OVER,45.49141833,-112.189415,24.23716426,18.1823559
C029032N,004+0.671,,MADISON,January,2014,16:45,SAT,NON-JUNCTION,ROADSIDE RIGHT,CLEAR,SNOW,DUSK,NON-INJURY ACCIDENT (PROPERTY- DAMAGE-ONLY ACCIDENT),ROLL OVER,45.51074333,-112.1551317,23.33220252,18.20700803
C029036N,000+0.754,,MADISON,February,2014,18:00,SAT,DRIVEWAY/ALLEY ACCESS RELATED,ROADSIDE RIGHT,CLEAR,DRY,DARK-NOT LIGHTED,NON-INJURY ACCIDENT (PROPERTY- DAMAGE-ONLY ACCIDENT),RIGHT ANGLE,45.38322833,-112.1265317,19.27001925,10.89514897
C029037N,000+0.579,,MADISON,August,2014,23:00,MON,NON-JUNCTION,ROADSIDE RIGHT,CLEAR,DRY,DARK-NOT LIGHTED,NON-INJURY ACCIDENT (PROPERTY- DAMAGE-ONLY ACCIDENT),FIXED OBJECT,45.32762,-112.084995,17.18391452,7.348470088
C029040N,000+0.816,,MADISON,December,2016,12:31,FRI,NON-JUNCTION,ROADSIDE RIGHT,CLEAR,SNOW,DAYLIGHT,NON-INJURY ACCIDENT (PROPERTY- DAMAGE-ONLY ACCIDENT),FIXED OBJECT,45.35675619,-112.0914726,17.43649923,8.475806077
C029040N,004+0.085,NOT IN CITY LIMITS,MADISON,JULY,2017,12:20,SUN,NON-JUNCTION,OFF ROADWAY LOCATION UNKNOWN,CLEAR,DRY,DAYLIGHT,INCAPACITATING INJURY ACCIDENT,ROLL OVER,45.3634,-112.0314,14.54400444,6.481450035
C029056N,000+0.588,,MADISON,July,2015,16:00,TUE,NON-JUNCTION,ROADSIDE RIGHT,CLOUDY,DRY,DAYLIGHT,NON-INJURY ACCIDENT (PROPERTY- DAMAGE-ONLY ACCIDENT),FIXED OBJECT,45.48817,-111.7728,9.794153932,15.70922718
C029069N,000+0.070,NOT IN CITY LIMITS,MADISON,AUGUST,2017,22:00,THU,NON-JUNCTION,ROADSIDE LEFT,CLOUDY,DRY,DARK-NOT LIGHTED,NON-INJURY ACCIDENT (PROPERTY- DAMAGE-ONLY ACCIDENT),U TURN,45.65985878,-111.8891136,22.76023693,25.39846947
C029091N,003+0.275,NOT IN CITY LIMITS,MADISON,JULY,2017,21:15,MON,NON-JUNCTION,ROADSIDE RIGHT,CLEAR,DRY,DUSK,NON-INJURY ACCIDENT (PROPERTY- DAMAGE-ONLY ACCIDENT),ROLL OVER,45.84444167,-112.071285,37.93113682,38.53984703
C029091N,003+0.477,,MADISON,December,2015,1:18,THU,NON-JUNCTION,ROADSIDE RIGHT,SNOW,ICE/FROST,DARK-NOT LIGHTED,NON-INJURY ACCIDENT (PROPERTY- DAMAGE-ONLY ACCIDENT),FIXED OBJECT,45.84467989,-112.0672323,37.86182109,38.52464818
C029091N,003+0.477,NOT IN CITY LIMITS,MADISON,MAY,2017,16:30,WED,NON-JUNCTION,SHOULDER,CLEAR,DRY,DAYLIGHT,NON-INJURY ACCIDENT (PROPERTY- DAMAGE-ONLY ACCIDENT),FIXED OBJECT,45.84467705,-112.0670981,37.85887156,38.52343009
C029091N,004+0.850,,MADISON,July,2013,19:15,TUE,INTERSECTION-RELATED,ROADSIDE RIGHT,CLEAR,DRY,DAYLIGHT,NON-INCAPACITATING EVIDENT INJURY ACCIDENT,ROLL OVER,45.83156,-112.0550633,36.79191643,37.53923871
C029092N,000+0.779,,MADISON,October,2016,8:50,MON,INTERSECTION,ROADSIDE LEFT,CLOUDY,WET,DAYLIGHT,NON-INCAPACITATING EVIDENT INJURY ACCIDENT,FIXED OBJECT,45.09649277,-111.6635818,17.78423835,19.2218743
C029092N,025+0.741,,MADISON,October,2014,21:00,WED,NON-JUNCTION,SHOULDER,CLEAR,DRY,DARK-NOT LIGHTED,NON-INJURY ACCIDENT (PROPERTY- DAMAGE-ONLY ACCIDENT),ROLL OVER,45.03785473,-111.9672907,24.36454332,17.74946298
C029101N,006+0.397,,MADISON,November,2014,11:20,THU,NON-JUNCTION,ROADSIDE RIGHT,CLEAR,DRY,DAYLIGHT,NON-INCAPACITATING EVIDENT INJURY ACCIDENT,ROLL OVER,45.54219667,-112.60594,44.38758807,36.50112043
C029101N,013+0.170,,MADISON,September,2013,3:06,SUN,NON-JUNCTION,ROADSIDE RIGHT,CLEAR,DRY,DARK-NOT LIGHTED,FATAL ACCIDENT,ROLL OVER,45.55285038,-112.4719942,38.50373221,31.32893385
C029101N,013+0.177,,MADISON,June,2016,11:25,SAT,NON-JUNCTION,ON ROADWAY,CLEAR,DRY,DAYLIGHT,NON-INJURY ACCIDENT (PROPERTY- DAMAGE-ONLY ACCIDENT),HEAD ON,45.553055,-112.472095,38.51338615,31.3409786
C029101N,013+0.195,,MADISON,May,2016,16:45,WED,NON-JUNCTION,ON ROADWAY,CLEAR,DRY,DAYLIGHT,NON-INJURY ACCIDENT (PROPERTY- DAMAGE-ONLY ACCIDENT),HEAD ON,45.55323584,-112.4719601,38.51181731,31.34270992
C029101N,018+0.398,,MADISON,March,2016,7:00,WED,NON-JUNCTION,ROADSIDE RIGHT,CLOUDY,WET,DAWN,NON-INJURY ACCIDENT (PROPERTY- DAMAGE-ONLY ACCIDENT),ROLL OVER,45.55098409,-112.3702577,33.90850812,27.33880458
C029101N,019+0.624,,MADISON,July,2014,21:30,TUE,NON-JUNCTION,ROADSIDE RIGHT,CLEAR,DRY,DAYLIGHT,NON-INJURY ACCIDENT (PROPERTY- DAMAGE-ONLY ACCIDENT),ROLL OVER,45.54299779,-112.3495562,32.76903084,26.21908034
C029102N,002+0.150,,MADISON,March,2015,13:38,TUE,NON-JUNCTION,ROADSIDE RIGHT,CLOUDY,DRY,DAYLIGHT,INCAPACITATING INJURY ACCIDENT,ROLL OVER,45.39649811,-112.4234511,33.69437662,24.45140553
C029102N,005+0.760,NOT IN CITY LIMITS,MADISON,AUGUST,2017,13:15,TUE,NON-JUNCTION,ON ROADWAY,CLEAR,DRY,DAYLIGHT,NON-INJURY ACCIDENT (PROPERTY- DAMAGE-ONLY ACCIDENT),"SIDESWIPE, OPPOSITE DIRECTION",45.44033358,-112.3848011,32.26716988,23.77406789
C029102N,006+0.777,,MADISON,April,2014,14:30,THU,NON-JUNCTION,ON ROADWAY,CLOUDY,DRY,DAYLIGHT,NON-INJURY ACCIDENT (PROPERTY- DAMAGE-ONLY ACCIDENT),FIRE/ EXPLOSION,45.44962418,-112.3703104,31.70956458,23.425167
C029102N,011+0.229,,MADISON,November,2014,8:05,WED,NON-JUNCTION,ROADSIDE RIGHT,"FOG, SMOG, SMOKE",ICE/FROST,DAYLIGHT,NON-INJURY ACCIDENT (PROPERTY- DAMAGE-ONLY ACCIDENT),FIXED OBJECT,45.50712247,-112.3326994,31.07927154,24.01806877
C029102N,011+0.229,,MADISON,November,2014,8:00,WED,NON-JUNCTION,ROADSIDE RIGHT,"FOG, SMOG, SMOKE",ICE/FROST,DAYLIGHT,NON-INJURY ACCIDENT (PROPERTY- DAMAGE-ONLY ACCIDENT),ROLL OVER,45.50713507,-112.3326937,31.07931521,24.01838209
C029102N,012+0.039,,MADISON,July,2015,1:00,MON,NON-JUNCTION,ROADSIDE LEFT,CLEAR,DRY,DARK-NOT LIGHTED,NON-INJURY ACCIDENT (PROPERTY- DAMAGE-ONLY ACCIDENT),FIXED OBJECT,45.514205,-112.320005,30.68035476,23.84264391
C029102N,012+0.460,Twin Bridges,MADISON,AUGUST,2017,10:55,WED,NON-JUNCTION,ROADSIDE RIGHT,CLEAR,DRY,DAYLIGHT,NON-INJURY ACCIDENT (PROPERTY- DAMAGE-ONLY ACCIDENT),FIXED OBJECT,45.51752472,-112.313118,30.45661697,23.7344364
C029102N,012+0.693,,MADISON,May,2014,10:20,THU,INTERSECTION-RELATED,ON ROADWAY,CLEAR,DRY,DAYLIGHT,NON-INJURY ACCIDENT (PROPERTY- DAMAGE-ONLY ACCIDENT),REAR-END,45.52058656,-112.3107847,30.43303843,23.78684638
C029103N,000+0.012,NOT IN CITY LIMITS,MADISON,APRIL,2017,12:00,SUN,NON-JUNCTION,ROADSIDE RIGHT,CLOUDY,DRY,DAYLIGHT,UNKNOWN,FIXED OBJECT,45.35297666,-112.1184312,18.74015262,9.510628909
C029103N,001+0.511,,MADISON,August,2015,0:00,SAT,NON-JUNCTION,ON ROADWAY,CLEAR,DRY,DARK-NOT LIGHTED,FATAL ACCIDENT,ROLL OVER,45.36559283,-112.1403655,19.83333787,10.85077156
C029103N,010+0.383,,MADISON,September,2016,19:30,TUE,NON-JUNCTION,ROADSIDE LEFT,CLOUDY,DRY,DAYLIGHT,INCAPACITATING INJURY ACCIDENT,ROLL OVER,45.43848351,-112.2742079,26.99560187,18.98443649
C029106N,000+0.010,SHERIDAN,MADISON,November,2016,13:00,SUN,NON-JUNCTION,IN PARKING LANE OR ZONE,CLOUDY,DRY,DAYLIGHT,NON-INJURY ACCIDENT (PROPERTY- DAMAGE-ONLY ACCIDENT),"SIDESWIPE, SAME DIRECTION",45.45646156,-112.1976364,23.74810625,16.74597174
C029106N,000+0.415,SHERIDAN,MADISON,June,2015,18:50,WED,NON-JUNCTION,ON ROADWAY,CLEAR,DRY,DAYLIGHT,NON-INJURY ACCIDENT (PROPERTY- DAMAGE-ONLY ACCIDENT),REAR TO FRONT,45.45541364,-112.2057555,24.10071355,16.99310134
C029109N,000+0.015,,MADISON,August,2015,20:40,THU,INTERSECTION-RELATED,SHOULDER,CLOUDY,DRY,DARK-LIGHTED,NON-INJURY ACCIDENT (PROPERTY- DAMAGE-ONLY ACCIDENT),ROLL OVER,45.41527354,-112.1659147,21.5212032,13.74225155
C029109N,002+0.830,,MADISON,August,2013,8:00,WED,NON-JUNCTION,ON ROADWAY,CLEAR,MUD DIRT GRAVEL,DAYLIGHT,NON-INCAPACITATING EVIDENT INJURY ACCIDENT,WILD ANIMAL,45.42653333,-112.2165983,24.08873801,16.1905958
C029109N,003+0.720,,MADISON,January,2013,2:00,SUN,NON-JUNCTION,ROADSIDE RIGHT,CLOUDY,SNOW,DARK-NOT LIGHTED,NON-INCAPACITATING EVIDENT INJURY ACCIDENT,FIXED OBJECT,45.43337833,-112.2319317,24.91942581,17.07132773
C029110N,003+0.030,,MADISON,February,2013,22:36,FRI,NON-JUNCTION,ROADSIDE RIGHT,CLOUDY,DRY,DARK-LIGHTED,INCAPACITATING INJURY ACCIDENT,ROLL OVER,45.4514835,-112.2052275,23.99575447,16.79704456
C029115N,000+0.680,,MADISON,March,2013,15:55,WED,NON-JUNCTION,ROADSIDE LEFT,CLOUDY,MUD DIRT GRAVEL,DAYLIGHT,NON-INJURY ACCIDENT (PROPERTY- DAMAGE-ONLY ACCIDENT),ROLL OVER,45.40819333,-112.3984267,32.57347232,23.54672653
C029116N,004+0.120,NOT IN CITY LIMITS,MADISON,NOVEMBER,2017,8:00,WED,NON-JUNCTION,ROADSIDE LEFT,CLOUDY,DRY,DAYLIGHT,NON-INJURY ACCIDENT (PROPERTY- DAMAGE-ONLY ACCIDENT),ROLL OVER,45.49680582,-112.3410052,31.21928238,23.91483818
C029131N,000+0.010,,MADISON,April,2013,0:00,FRI,INTERSECTION,ROADSIDE RIGHT,CLOUDY,DRY,DAYLIGHT,NON-INJURY ACCIDENT (PROPERTY- DAMAGE-ONLY ACCIDENT),LOST CONTROL,45.32009167,-112.0972817,17.83091439,7.78154205
C029141N,000+0.540,,MADISON,October,2013,10:30,TUE,NON-JUNCTION,ON ROADWAY,CLEAR,DRY,DAYLIGHT,INCAPACITATING INJURY ACCIDENT,NOT FIXED OBJECT OR DEBRIS,45.49570833,-112.3987383,33.85542059,26.19641696
C029141N,001+0.178,,MADISON,December,2016,15:45,TUE,NON-JUNCTION,ROADSIDE RIGHT,CLOUDY,ICE/FROST,DAYLIGHT,NON-INJURY ACCIDENT (PROPERTY- DAMAGE-ONLY ACCIDENT),FIXED OBJECT,45.495885,-112.4117967,34.46379228,26.74144456
C029141N,016+0.760,,MADISON,October,2013,8:40,WED,NON-JUNCTION,ON ROADWAY,CLEAR,DRY,DAYLIGHT,NON-INJURY ACCIDENT (PROPERTY- DAMAGE-ONLY ACCIDENT),HEAD ON,45.46600113,-112.6530898,45.37696503,36.52090625
C029151N,000+0.045,,MADISON,August,2016,8:30,FRI,NON-JUNCTION,ROADSIDE RIGHT,CLEAR,DRY,DAYLIGHT,NON-INJURY ACCIDENT (PROPERTY- DAMAGE-ONLY ACCIDENT),NOT FIXED OBJECT OR DEBRIS,45.35461812,-112.1200806,18.82184704,9.631695492
C029152N,000+0.160,,MADISON,August,2013,11:15,TUE,INTERSECTION,ON ROADWAY,CLEAR,DRY,DAYLIGHT,NON-INJURY ACCIDENT (PROPERTY- DAMAGE-ONLY ACCIDENT),BACKING VEHICLE,45.35281167,-112.1199667,18.81457879,9.573283467
C029156N,004+0.769,,MADISON,June,2016,12:40,SUN,NON-JUNCTION,ROADSIDE RIGHT,CLEAR,DRY,DARK-LIGHTED,INCAPACITATING INJURY ACCIDENT,FIXED OBJECT,45.21710898,-112.0283666,17.03622697,6.794174735
C029158N,001+0.170,,MADISON,May,2013,18:45,MON,NON-JUNCTION,ROADSIDE RIGHT,CLEAR,DRY,DAYLIGHT,INCAPACITATING INJURY ACCIDENT,FIXED OBJECT,45.27529667,-111.9374633,11.19307654,1.313704267
C029163N,007+0.280,VIRGINIA CITY,MADISON,September,2016,15:30,THU,NON-JUNCTION,ROADSIDE RIGHT,CLOUDY,MUD DIRT GRAVEL,DAYLIGHT,INCAPACITATING INJURY ACCIDENT,ROLL OVER,44.96047153,-111.8853902,27.8766299,23.21303553
C029177N,000+0.014,,MADISON,September,2014,0:00,SUN,INTERSECTION-RELATED,ROADSIDE RIGHT,CLOUDY,WET,DARK-LIGHTED,UNKNOWN,FIXED OBJECT,45.32364747,-112.1093416,18.38718212,8.408849845
C029201N,000+0.580,NOT IN CITY LIMITS,MADISON,AUGUST,2017,15:15,MON,NON-JUNCTION,ROADSIDE RIGHT,CLEAR,DRY,DAYLIGHT,POSSIBLE INJURY ACCIDENT,FIXED OBJECT,45.4422136,-111.7202117,6.449754595,14.83506727
C029201N,000+0.974,,MADISON,July,2015,13:40,SUN,NON-JUNCTION,ROADSIDE RIGHT,CLOUDY,MUD DIRT GRAVEL,DAYLIGHT,NON-INJURY ACCIDENT (PROPERTY- DAMAGE-ONLY ACCIDENT),FIXED OBJECT,45.44467849,-111.7137277,6.655102041,15.18052892
C029201N,001+0.010,,MADISON,August,2015,14:20,THU,NON-JUNCTION,SHOULDER,CLEAR,DRY,DAYLIGHT,NON-INJURY ACCIDENT (PROPERTY- DAMAGE-ONLY ACCIDENT),"SIDESWIPE, OPPOSITE DIRECTION",45.44498215,-111.7131522,6.67975554,15.21522955
C029201N,001+0.568,,MADISON,August,2016,0:00,THU,NON-JUNCTION,ROADSIDE RIGHT,UNKNOWN,DRY,UNKNOWN,NON-INJURY ACCIDENT (PROPERTY- DAMAGE-ONLY ACCIDENT),FIXED OBJECT,45.44373996,-111.701962,6.693749763,15.55823378
C029201N,001+0.589,VIRGINIA CITY,MADISON,September,2016,9:39,THU,DRIVEWAY/ALLEY ACCESS RELATED,ON ROADWAY,CLEAR,DRY,DAYLIGHT,NON-INJURY ACCIDENT (PROPERTY- DAMAGE-ONLY ACCIDENT),"SIDESWIPE, SAME DIRECTION",45.44389871,-111.701668,6.707614395,15.57617466
C029201N,002+0.410,,MADISON,July,2013,21:17,SAT,NON-JUNCTION,SHOULDER,CLEAR,DRY,DAYLIGHT,NON-INJURY ACCIDENT (PROPERTY- DAMAGE-ONLY ACCIDENT),LOST CONTROL,45.44808167,-111.68638,7.185068424,16.32478986
C029201N,002+0.669,,MADISON,March,2015,18:57,SAT,NON-JUNCTION,ROADSIDE LEFT,CLEAR,DRY,DARK-NOT LIGHTED,NON-INJURY ACCIDENT (PROPERTY- DAMAGE-ONLY ACCIDENT),FIXED OBJECT,45.44978281,-111.6819257,7.365999953,16.56531198
C029201N,004+0.015,,MADISON,December,2014,19:30,WED,NON-JUNCTION,ROADSIDE LEFT,CLOUDY,ICE/FROST,DARK-NOT LIGHTED,NON-INCAPACITATING EVIDENT INJURY ACCIDENT,ROLL OVER,45.45055044,-111.6579754,7.877260786,17.49834566
C029201N,004+0.037,NOT IN CITY LIMITS,MADISON,SEPTEMBER,2017,18:34,SAT,NON-JUNCTION,ON ROADWAY,"FOG, SMOG, SMOKE",DRY,DAYLIGHT,NON-INJURY ACCIDENT (PROPERTY- DAMAGE-ONLY ACCIDENT),HEAD ON,45.45027458,-111.658225,7.854773122,17.47707234
C029201N,006+0.943,ENNIS,MADISON,DECEMBER,2017,16:00,SAT,NON-JUNCTION,ROADSIDE LEFT,CLEAR,ICE/FROST,DAYLIGHT,NON-INJURY ACCIDENT (PROPERTY- DAMAGE-ONLY ACCIDENT),FIXED OBJECT,45.41667343,-111.6697679,5.564578256,15.6763127
C029201N,006+0.959,,MADISON,September,2015,12:07,FRI,NON-JUNCTION,ROADSIDE LEFT,RAIN,WET,DAYLIGHT,NON-INJURY ACCIDENT (PROPERTY- DAMAGE-ONLY ACCIDENT),FIXED OBJECT,45.41655445,-111.6700311,5.550713119,15.66112958
C029201N,007+0.206,,MADISON,June,2015,19:35,SAT,UNKNOWN,ON ROADWAY,CLEAR,MUD DIRT GRAVEL,DAYLIGHT,NON-INJURY ACCIDENT (PROPERTY- DAMAGE-ONLY ACCIDENT),ROLL OVER,45.41293957,-111.6702099,5.338392721,15.52060936
C029201N,011+0.367,NOT IN CITY LIMITS,MADISON,MARCH,2017,10:45,MON,NON-JUNCTION,ROADSIDE LEFT,CLOUDY,ICE/FROST,DAYLIGHT,NON-INJURY ACCIDENT (PROPERTY- DAMAGE-ONLY ACCIDENT),FIXED OBJECT,45.36765719,-111.7024755,1.934446792,12.67254491
C029201N,013+0.268,,MADISON,March,2015,14:15,MON,NON-JUNCTION,ROADSIDE RIGHT,CLOUDY,DRY,DAYLIGHT,NON-INCAPACITATING EVIDENT INJURY ACCIDENT,FIXED OBJECT,45.34193506,-111.7083575,1.277921446,11.79803123
C029201N,013+0.531,NOT IN CITY LIMITS,MADISON,AUGUST,2017,20:00,THU,INTERSECTION-RELATED,ROADSIDE RIGHT,CLOUDY,DRY,DUSK,NON-INJURY ACCIDENT (PROPERTY- DAMAGE-ONLY ACCIDENT),FIXED OBJECT,45.34192912,-111.713697,1.045133833,11.54911384
C029202N,000+0.056,NOT IN CITY LIMITS,MADISON,JANUARY,2017,8:40,WED,NON-JUNCTION,ON ROADWAY,CLOUDY,SNOW,DAYLIGHT,NON-INJURY ACCIDENT (PROPERTY- DAMAGE-ONLY ACCIDENT),REAR-END,45.34923472,-111.7047044,1.350564636,12.11678497