MDT_CORRIDOR_ID,SMS_REFPOST_OFFSET,CITY,COUNTY,Month,Year,SMS_TIME,SMT_CRASH_OCC_DAY_OF_WEEK,JUNCTION_RELATED,ROADWAY_RELATED,WEATHER_COND,ROAD_COND,LIGHT_COND,CRASH_SEVERITY,COLLISION_TYPE,LATITUDE,LONGITUDE,Ennis Distance,Virginia City Distance
C029202N,000+0.292,NOT IN CITY LIMITS,MADISON,FEBRUARY,2017,18:38,SUN,NON-JUNCTION,ON ROADWAY,CLOUDY,DRY,DARK-NOT LIGHTED,NON-INJURY ACCIDENT (PROPERTY- DAMAGE-ONLY ACCIDENT),WILD ANIMAL,45.35,-111.7,1.579801037,12.35030912
C029202N,006+0.744,,MADISON,December,2014,9:02,MON,UNKNOWN,OUTSIDE RIGHT-OF-WAY (TRAFFICWAY),CLEAR,SNOW,DAWN,NON-INJURY ACCIDENT (PROPERTY- DAMAGE-ONLY ACCIDENT),FIXED OBJECT,45.35645807,-111.5888767,6.992117572,17.6619132
C029202N,006+0.830,,MADISON,November,2015,6:40,WED,NON-JUNCTION,SHOULDER,CLOUDY,ICE/FROST,DARK-NOT LIGHTED,POSSIBLE INJURY ACCIDENT,ROLL OVER,45.35649366,-111.5875226,7.057871908,17.72630541
C029202N,006+0.884,,MADISON,November,2015,6:30,MON,NON-JUNCTION,SHOULDER,CLOUDY,ICE/FROST,DARK-NOT LIGHTED,NON-INJURY ACCIDENT (PROPERTY- DAMAGE-ONLY ACCIDENT),FIXED OBJECT,45.35652685,-111.5869315,7.086660741,17.75471125
C029202N,008+0.099,,MADISON,April,2016,22:17,FRI,NON-JUNCTION,ROADSIDE LEFT,CLOUDY,ICE/FROST,DARK-NOT LIGHTED,INCAPACITATING INJURY ACCIDENT,NOT FIXED OBJECT OR DEBRIS,45.35500167,-111.565975,8.096227256,18.72014137
C029202N,009+0.030,,MADISON,December,2013,0:05,SUN,NON-JUNCTION,ON ROADWAY,CLOUDY,SNOW,DARK-LIGHTED,NON-INJURY ACCIDENT (PROPERTY- DAMAGE-ONLY ACCIDENT),FIXED OBJECT,45.35255441,-111.5497694,8.876487826,19.4526385
C029202N,009+0.508,,MADISON,November,2016,19:10,THU,NON-JUNCTION,ROADSIDE RIGHT,CLEAR,SNOW,DARK-NOT LIGHTED,NON-INJURY ACCIDENT (PROPERTY- DAMAGE-ONLY ACCIDENT),ROLL OVER,45.35236753,-111.5404804,9.327095416,19.89169698
C029202N,010+0.129,,MADISON,February,2014,12:30,WED,NON-JUNCTION,ON ROADWAY,CLEAR,SNOW,DAYLIGHT,NON-INCAPACITATING EVIDENT INJURY ACCIDENT,RIGHT ANGLE,45.3523078,-111.5209469,10.2752621,20.82109081
C029202N,010+0.129,,MADISON,September,2014,18:45,WED,NON-JUNCTION,ROADSIDE RIGHT,CLEAR,MUD DIRT GRAVEL,DAYLIGHT,NON-INJURY ACCIDENT (PROPERTY- DAMAGE-ONLY ACCIDENT),FIXED OBJECT,45.35406207,-111.4873207,11.91030187,22.44781847
C029202N,010+0.129,NOT IN CITY LIMITS,MADISON,AUGUST,2017,0:00,FRI,NON-JUNCTION,ROADSIDE LEFT,CLEAR,MUD DIRT GRAVEL,DARK-LIGHTED,NON-INJURY ACCIDENT (PROPERTY- DAMAGE-ONLY ACCIDENT),ROLL OVER,45.35246547,-111.4574496,13.3581153,23.85693289
C029202N,010+0.129,NOT IN CITY LIMITS,MADISON,FEBRUARY,2017,17:05,MON,NON-JUNCTION,ROADSIDE LEFT,SNOW,SNOW,DAYLIGHT,NON-INCAPACITATING EVIDENT INJURY ACCIDENT,FIXED OBJECT,45.34742737,-111.5274353,9.959299479,20.44932253
C029202N,010+0.129,NOT IN CITY LIMITS,MADISON,NOVEMBER,2017,5:55,MON,NON-JUNCTION,ROADSIDE RIGHT,CLOUDY,SNOW,DARK-NOT LIGHTED,POSSIBLE INJURY ACCIDENT,ROLL OVER,45.35562186,-111.5088692,10.86811869,21.440689
C029203N,009+0.250,,MADISON,July,2013,12:30,FRI,NON-JUNCTION,ROADSIDE LEFT,CLEAR,DRY,DAYLIGHT,NON-INJURY ACCIDENT (PROPERTY- DAMAGE-ONLY ACCIDENT),ROLL OVER,45.12811848,-111.5960156,16.66066373,20.3537338
C029204N,003+0.106,,MADISON,September,2015,17:25,FRI,NON-JUNCTION,ROADSIDE RIGHT,CLOUDY,MUD DIRT GRAVEL,DAYLIGHT,NON-INJURY ACCIDENT (PROPERTY- DAMAGE-ONLY ACCIDENT),ROLL OVER,44.80283752,-111.5253231,39.08455516,39.5573089
C029206N,000+0.009,,MADISON,December,2015,1:00,FRI,NON-JUNCTION,ON ROADWAY,CLOUDY,ICE/FROST,DARK-LIGHTED,NON-INJURY ACCIDENT (PROPERTY- DAMAGE-ONLY ACCIDENT),FIXED OBJECT,45.72203167,-111.7843167,25.87733589,30.53071848
C029206N,000+0.785,NOT IN CITY LIMITS,MADISON,DECEMBER,2017,13:50,SUN,NON-JUNCTION,ROADSIDE LEFT,SNOW,ICE/FROST,DAYLIGHT,NON-INJURY ACCIDENT (PROPERTY- DAMAGE-ONLY ACCIDENT),ROLL OVER,45.72143607,-111.7684238,25.77311762,30.69197936
C029208N,000+0.944,,MADISON,July,2016,21:00,FRI,NON-JUNCTION,ROADSIDE RIGHT,CLEAR,DRY,DAYLIGHT,POSSIBLE INJURY ACCIDENT,FIXED OBJECT,45.70178873,-111.7558268,24.38308586,29.56855246
C029215N,000+0.685,,MADISON,May,2016,12:06,MON,NON-JUNCTION,ROADSIDE RIGHT,CLOUDY,MUD DIRT GRAVEL,DUSK,NON-INJURY ACCIDENT (PROPERTY- DAMAGE-ONLY ACCIDENT),ROLL OVER,45.45720655,-111.6470171,8.533770175,18.20007832
C029215N,002+0.758,NOT IN CITY LIMITS,MADISON,AUGUST,2017,11:25,SAT,NON-JUNCTION,ROADSIDE RIGHT,CLEAR,DRY,DAYLIGHT,POSSIBLE INJURY ACCIDENT,ROLL OVER,45.48263258,-111.6296133,10.47953508,19.9669426
C029219N,000+0.031,,MADISON,July,2015,11:55,SAT,NON-JUNCTION,SHOULDER,CLOUDY,DRY,DAYLIGHT,NON-INJURY ACCIDENT (PROPERTY- DAMAGE-ONLY ACCIDENT),REAR-END,44.90062877,-111.5915486,31.75046928,32.09925698
C029221N,000+0.020,,MADISON,September,2013,10:25,THU,INTERSECTION,ON ROADWAY,CLEAR,DRY,DAYLIGHT,NON-INJURY ACCIDENT (PROPERTY- DAMAGE-ONLY ACCIDENT),"SIDESWIPE, SAME DIRECTION",45.33428495,-111.7012794,1.836552016,11.99604379
C029224N,000+0.006,,MADISON,November,2014,12:55,THU,INTERSECTION,ON ROADWAY,CLOUDY,DRY,DAYLIGHT,POSSIBLE INJURY ACCIDENT,RIGHT ANGLE,45.33941042,-111.7101003,1.28407466,11.66900915
C029226N,000+0.125,NOT IN CITY LIMITS,MADISON,AUGUST,2017,9:00,SUN,NON-JUNCTION,ROADSIDE RIGHT,CLEAR,DRY,DAYLIGHT,NON-INCAPACITATING EVIDENT INJURY ACCIDENT,ROLL OVER,45.26668998,-111.6767104,6.317148357,13.01030389
C029226N,000+0.605,NOT IN CITY LIMITS,MADISON,DECEMBER,2017,7:05,SUN,NON-JUNCTION,ROADSIDE LEFT,CLOUDY,DRY,DUSK,INCAPACITATING INJURY ACCIDENT,ROLL OVER,45.26200044,-111.6698158,6.75564813,13.39238721
C029226N,000+0.762,,MADISON,November,2015,18:30,THU,NON-JUNCTION,ON ROADWAY,CLEAR,DRY,DARK-NOT LIGHTED,POSSIBLE INJURY ACCIDENT,WILD ANIMAL,45.26666667,-111.6666667,6.542935971,13.49380964
C029227N,000+0.155,,MADISON,June,2015,17:45,FRI,NON-JUNCTION,ON ROADWAY,CLEAR,MUD DIRT GRAVEL,DAYLIGHT,NON-INJURY ACCIDENT (PROPERTY- DAMAGE-ONLY ACCIDENT),"SIDESWIPE, OPPOSITE DIRECTION",45.26405833,-111.6580933,6.909407361,13.93263066
C029229N,001+0.276,,MADISON,August,2014,2:30,MON,INTERSECTION-RELATED,ON ROADWAY,CLEAR,MUD DIRT GRAVEL,DARK-LIGHTED,NON-INJURY ACCIDENT (PROPERTY- DAMAGE-ONLY ACCIDENT),ROLL OVER,45.31285902,-111.8066892,4.394011758,6.6769369
C029231N,000+0.009,,MADISON,February,2016,7:20,MON,INTERSECTION,ON ROADWAY,CLEAR,SNOW,DAYLIGHT,POSSIBLE INJURY ACCIDENT,RIGHT ANGLE,45.31694591,-111.8052653,4.179949496,6.804506901
C029232N,000+0.085,,MADISON,July,2016,12:30,SUN,NON-JUNCTION,ROADSIDE RIGHT,CLOUDY,DRY,DAYLIGHT,NON-INCAPACITATING EVIDENT INJURY ACCIDENT,ROLL OVER,45.30884187,-111.8002041,4.314048532,6.940474171
C029233N,000+0.734,,MADISON,September,2015,20:15,SUN,NON-JUNCTION,OFF ROADWAY LOCATION UNKNOWN,CLEAR,DRY,DARK-NOT LIGHTED,NON-INJURY ACCIDENT (PROPERTY- DAMAGE-ONLY ACCIDENT),FIXED OBJECT,45.3,111.8,5633.218678,5631.557794
C029234N,000+0.940,,MADISON,September,2013,15:10,WED,NON-JUNCTION,ON ROADWAY,CLEAR,DRY,DAYLIGHT,NON-INJURY ACCIDENT (PROPERTY- DAMAGE-ONLY ACCIDENT),REAR-END,45.21913333,-111.7614583,9.100702205,10.17267783
C029236N,003+0.694,,MADISON,November,2014,15:00,MON,NON-JUNCTION,ON ROADWAY,CLEAR,ICE/FROST,DAYLIGHT,NON-INJURY ACCIDENT (PROPERTY- DAMAGE-ONLY ACCIDENT),JACKKNIFE,45.05312643,-111.6789136,20.62701987,20.99426278
C029241N,000+0.012,NOT IN CITY LIMITS,MADISON,OCTOBER,2017,11:47,SUN,INTERSECTION,ON ROADWAY,CLOUDY,DRY,DAYLIGHT,NON-INJURY ACCIDENT (PROPERTY- DAMAGE-ONLY ACCIDENT),RIGHT ANGLE,44.98900322,-111.6484883,25.22605452,25.46074124
C029242N,000+0.061,NOT IN CITY LIMITS,MADISON,AUGUST,2017,9:50,SAT,NON-JUNCTION,ROADSIDE LEFT,CLOUDY,DRY,DAYLIGHT,INCAPACITATING INJURY ACCIDENT,ROLL OVER,44.887741,-111.5795633,32.74865049,33.1652862
C029245N,001+0.749,,MADISON,May,2016,10:00,SAT,NON-JUNCTION,ROADSIDE RIGHT,CLOUDY,MUD DIRT GRAVEL,DAYLIGHT,NON-INJURY ACCIDENT (PROPERTY- DAMAGE-ONLY ACCIDENT),FIXED OBJECT,44.79948736,-111.5563117,38.94682849,39.00512342
C029252N,003+0.175,NOT IN CITY LIMITS,MADISON,JUNE,2017,6:30,SUN,NON-JUNCTION,ROADSIDE RIGHT,CLEAR,DRY,DARK-LIGHTED,NON-INCAPACITATING EVIDENT INJURY ACCIDENT,ROLL OVER,45.64273833,-111.5294467,22.53627011,31.2864777
C029265N,001+0.312,ENNIS,MADISON,DECEMBER,2017,13:05,SUN,NON-JUNCTION,ON ROADWAY,CLEAR,SNOW,DAYLIGHT,NON-INJURY ACCIDENT (PROPERTY- DAMAGE-ONLY ACCIDENT),"SIDESWIPE, OPPOSITE DIRECTION",45.22346527,-111.8000734,9.29167183,8.432629298
C029265N,003+0.402,,MADISON,February,2014,7:25,SAT,NON-JUNCTION,ROADSIDE RIGHT,SNOW,SNOW,DAYLIGHT,NON-INJURY ACCIDENT (PROPERTY- DAMAGE-ONLY ACCIDENT),FIXED OBJECT,45.24516061,-111.7874795,7.672982176,8.216007973
C029265N,003+0.530,,MADISON,October,2016,21:50,SUN,NON-JUNCTION,ROADSIDE RIGHT,CLEAR,MUD DIRT GRAVEL,DARK-NOT LIGHTED,UNKNOWN,ROLL OVER,45.24386585,-111.7856152,7.726182721,8.335641482
C029265N,004+0.188,,MADISON,March,2016,9:45,THU,INTERSECTION-RELATED,ROADSIDE RIGHT,CLOUDY,ICE/FROST,DAYLIGHT,NON-INJURY ACCIDENT (PROPERTY- DAMAGE-ONLY ACCIDENT),FIXED OBJECT,45.2470299,-111.7741219,7.347533226,8.763156449
C029271N,001+0.298,NOT IN CITY LIMITS,MADISON,MARCH,2017,16:42,SUN,NON-JUNCTION,UNKNOWN,CLEAR,DRY,DAYLIGHT,NON-INJURY ACCIDENT (PROPERTY- DAMAGE-ONLY ACCIDENT),OTHER,45.53007645,-111.7682617,12.61240279,18.34158805
C029277N,000+0.437,,MADISON,January,2016,10:19,SUN,NON-JUNCTION,ROADSIDE RIGHT,CLOUDY,SNOW,DAYLIGHT,NON-INJURY ACCIDENT (PROPERTY- DAMAGE-ONLY ACCIDENT),NOT FIXED OBJECT OR DEBRIS,45.29549226,-111.4026666,16.44948336,26.18831079
C029277N,000+0.512,,MADISON,February,2015,22:35,SUN,NON-JUNCTION,ON ROADWAY,CLOUDY,ICE/FROST,DARK-NOT LIGHTED,NON-INJURY ACCIDENT (PROPERTY- DAMAGE-ONLY ACCIDENT),ROLL OVER,45.29586,-111.4041,16.37586061,26.11866344
C029277N,000+0.583,NOT IN CITY LIMITS,MADISON,JANUARY,2017,12:00,MON,INTERSECTION,ROADSIDE LEFT,CLEAR,SNOW,DAYLIGHT,NON-INJURY ACCIDENT (PROPERTY- DAMAGE-ONLY ACCIDENT),FIXED OBJECT,45.2958816,-111.4055285,16.30791515,26.04923555
C029277N,000+0.647,,MADISON,January,2015,9:20,MON,NON-JUNCTION,ROADSIDE RIGHT,CLEAR,ICE/FROST,DAYLIGHT,NON-INJURY ACCIDENT (PROPERTY- DAMAGE-ONLY ACCIDENT),ROLL OVER,45.296095,-111.40685,16.24201589,25.98503135
C029277N,000+0.880,,MADISON,October,2013,10:42,MON,NON-JUNCTION,ROADSIDE LEFT,SNOW,SNOW,DAYLIGHT,POSSIBLE INJURY ACCIDENT,ROLL OVER,45.29857333,-111.40996,16.05632843,25.83479226
C029277N,001+0.073,NOT IN CITY LIMITS,MADISON,DECEMBER,2017,16:45,MON,INTERSECTION-RELATED,ON ROADWAY,CLOUDY,SNOW,DARK-NOT LIGHTED,NON-INCAPACITATING EVIDENT INJURY ACCIDENT,PEDESTRIAN,45.30024,-111.41288,15.89275866,25.69414821
C029278N,000+0.000,,MADISON,December,2013,14:45,SAT,INTERSECTION,ON ROADWAY,CLEAR,OTHER,DAYLIGHT,NON-INJURY ACCIDENT (PROPERTY- DAMAGE-ONLY ACCIDENT),HEAD ON,45.28642522,-111.3931863,17.04843348,26.65632038
C029278N,000+0.078,,MADISON,March,2014,10:00,WED,INTERSECTION,ON ROADWAY,CLOUDY,SNOW,DAYLIGHT,NON-INJURY ACCIDENT (PROPERTY- DAMAGE-ONLY ACCIDENT),RIGHT ANGLE,45.28589247,-111.3945865,16.99218023,26.58915744
C029278N,000+0.357,,MADISON,June,2016,18:15,TUE,NON-JUNCTION,IN PARKING LANE OR ZONE,CLEAR,DRY,DAYLIGHT,POSSIBLE INJURY ACCIDENT,RIGHT ANGLE,45.28425773,-111.3994848,16.79243069,26.35416681
C029278N,000+0.393,NOT IN CITY LIMITS,MADISON,JANUARY,2017,8:00,SUN,NON-JUNCTION,ROADSIDE LEFT,CLEAR,SNOW,DAYLIGHT,NON-INJURY ACCIDENT (PROPERTY- DAMAGE-ONLY ACCIDENT),FIXED OBJECT,45.28316718,-111.399832,16.79665762,26.33960165
C029280N,000+0.082,,MADISON,February,2014,21:30,SUN,NON-JUNCTION,ROADSIDE RIGHT,CLEAR,SNOW,DARK-NOT LIGHTED,NON-INJURY ACCIDENT (PROPERTY- DAMAGE-ONLY ACCIDENT),FIXED OBJECT,45.28974471,-111.3937259,16.96556633,26.62573807
C029280N,000+0.257,NOT IN CITY LIMITS,MADISON,JANUARY,2017,4:52,TUE,NON-JUNCTION,ROADSIDE LEFT,CLEAR,ICE/FROST,DARK-NOT LIGHTED,NON-INJURY ACCIDENT (PROPERTY- DAMAGE-ONLY ACCIDENT),FIXED OBJECT,45.2905627,-111.3908931,17.08549892,26.76265309
C029281N,000+0.192,,MADISON,April,2014,21:45,SAT,INTERSECTION-RELATED,ON ROADWAY,CLEAR,DRY,DARK-NOT LIGHTED,NON-INJURY ACCIDENT (PROPERTY- DAMAGE-ONLY ACCIDENT),FIXED OBJECT,45.33278256,-111.7449457,1.288934814,9.915782424
C029281N,000+0.310,,MADISON,January,2013,7:30,SUN,NON-JUNCTION,ROADSIDE LEFT,CLOUDY,SNOW,DAWN,NON-INJURY ACCIDENT (PROPERTY- DAMAGE-ONLY ACCIDENT),FIXED OBJECT,45.33280833,-111.7475983,1.352551944,9.792212954
C067210N,000+0.000,,MADISON,July,2016,14:40,WED,NON-JUNCTION,OFF ROADWAY LOCATION UNKNOWN,CLEAR,DRY,DAYLIGHT,NON-INJURY ACCIDENT (PROPERTY- DAMAGE-ONLY ACCIDENT),FIXED OBJECT,45.29067,-111.40286,16.51947787,26.18091974
C067298N,000+0.294,,MADISON,June,2016,0:00,SUN,INTERSECTION,ROADSIDE LEFT,CLEAR,DRY,DARK-NOT LIGHTED,NON-INJURY ACCIDENT (PROPERTY- DAMAGE-ONLY ACCIDENT),NOT FIXED OBJECT OR DEBRIS,45.29207427,-111.4041711,16.4339402,26.11617134
C067569N,000+0.016,ENNIS,MADISON,December,2016,13:05,MON,NON-JUNCTION,OUTSIDE RIGHT-OF-WAY (TRAFFICWAY),CLOUDY,ICE/FROST,DAYLIGHT,NON-INJURY ACCIDENT (PROPERTY- DAMAGE-ONLY ACCIDENT),FIXED OBJECT,45.34823411,-111.7394715,0.345093866,10.50206407
C067570N,000+0.044,ENNIS,MADISON,June,2016,10:55,MON,NON-JUNCTION,ON ROADWAY,CLEAR,DRY,DAYLIGHT,NON-INJURY ACCIDENT (PROPERTY- DAMAGE-ONLY ACCIDENT),"SIDESWIPE, OPPOSITE DIRECTION",45.34918779,-111.7318452,0.033113494,10.8718838
C067570N,000+0.059,ENNIS,MADISON,October,2015,12:35,WED,NON-JUNCTION,ON ROADWAY,CLOUDY,DRY,DAYLIGHT,NON-INJURY ACCIDENT (PROPERTY- DAMAGE-ONLY ACCIDENT),REAR TO REAR,45.34898618,-111.7317688,0.041197784,10.87051019
C067570N,000+0.226,ENNIS,MADISON,MAY,2017,8:59,WED,NON-JUNCTION,IN PARKING LANE OR ZONE,CLEAR,DRY,DAYLIGHT,NON-INJURY ACCIDENT (PROPERTY- DAMAGE-ONLY ACCIDENT),FIXED OBJECT,45.3475,111.73,5632.019232,5630.370864
C067571N,000+0.100,ENNIS,MADISON,MARCH,2017,9:30,SUN,NON-JUNCTION,OFF ROADWAY LOCATION UNKNOWN,CLEAR,DRY,DAYLIGHT,UNKNOWN,FIXED OBJECT,45.34658215,-111.7389896,0.364885617,10.48405507
C067574N,000+0.000,NOT IN CITY LIMITS,MADISON,JANUARY,2017,10:02,TUE,NON-JUNCTION,OUTSIDE RIGHT-OF-WAY (TRAFFICWAY),CLEAR,SNOW,DAYLIGHT,NON-INJURY ACCIDENT (PROPERTY- DAMAGE-ONLY ACCIDENT),FIXED OBJECT,45.34823411,-111.7394715,0.345093866,10.50206407
C067574N,000+0.114,ENNIS,MADISON,March,2016,7:45,MON,INTERSECTION,ON ROADWAY,CLEAR,DRY,DAYLIGHT,POSSIBLE INJURY ACCIDENT,RIGHT ANGLE,45.34687957,-111.7394927,0.37668694,10.46824201
C071176N,000+0.000,NOT IN CITY LIMITS,MADISON,APRIL,2017,19:45,SUN,NON-JUNCTION,ON ROADWAY,SLEET/HAIL/FREEZING RAIN/DRIZZLE,WET,DARK-NOT LIGHTED,NON-INJURY ACCIDENT (PROPERTY- DAMAGE-ONLY ACCIDENT),FIXED OBJECT,45.28966608,-111.3867522,17.29576418,26.96476383
C071176N,000+0.012,,MADISON,June,2015,22:00,FRI,DRIVEWAY/ALLEY ACCESS RELATED,ROADSIDE RIGHT,CLEAR,DRY,DARK-NOT LIGHTED,NON-INJURY ACCIDENT (PROPERTY- DAMAGE-ONLY ACCIDENT),FIXED OBJECT,45.28982167,-111.3867233,17.29454929,26.9660115
C074891N,000+0.000,,MADISON,May,2014,2:15,SAT,NON-JUNCTION,SHOULDER,CLOUDY,SLUSH,DARK-NOT LIGHTED,NON-INJURY ACCIDENT (PROPERTY- DAMAGE-ONLY ACCIDENT),ROLL OVER,45.28551556,-111.3733292,17.99846064,27.62284812
C078572N,000+0.000,,MADISON,August,2013,18:45,FRI,INTERSECTION,SHOULDER,CLEAR,DRY,DAYLIGHT,NON-INJURY ACCIDENT (PROPERTY- DAMAGE-ONLY ACCIDENT),REAR-END,45.6573215,-111.8961819,22.71223933,25.19191509
C078574N,000+0.016,NOT IN CITY LIMITS,MADISON,JUNE,2017,19:00,MON,DRIVEWAY/ALLEY ACCESS RELATED,ROADSIDE RIGHT,CLEAR,DRY,DAYLIGHT,UNKNOWN,PARKED VEHICLE,45.65699473,-111.8962694,22.69257063,25.16905469
C078607N,000+0.014,,MADISON,December,2016,11:45,SAT,NON-JUNCTION,ROADSIDE LEFT,CLOUDY,SNOW,DAYLIGHT,UNKNOWN,FIXED OBJECT,45.01666667,111.7666667,5651.088315,5649.405051
C078635N,002+0.623,,MADISON,November,2016,11:00,FRI,NON-JUNCTION,ON ROADWAY,CLEAR,ICE/FROST,DAYLIGHT,NON-INJURY ACCIDENT (PROPERTY- DAMAGE-ONLY ACCIDENT),HEAD ON,45.43514776,-111.852204,8.302702212,10.66545883
C078636N,000+0.000,NOT IN CITY LIMITS,MADISON,DECEMBER,2017,7:00,SUN,NON-JUNCTION,ROADSIDE RIGHT,CLEAR,DRY,DAWN,NON-INCAPACITATING EVIDENT INJURY ACCIDENT,FIXED OBJECT,45.42223326,-111.7256321,5.052611834,13.71809085
C078645N,000+0.005,,MADISON,August,2015,16:50,SAT,NON-JUNCTION,ON ROADWAY,CLOUDY,DRY,DAYLIGHT,NON-INJURY ACCIDENT (PROPERTY- DAMAGE-ONLY ACCIDENT),WILD ANIMAL,45.43330844,-111.7313216,5.807061714,14.02097139
C078655N,000+0.300,,MADISON,February,2013,11:00,FRI,NON-JUNCTION,ON ROADWAY,CLEAR,SNOW,DAYLIGHT,NON-INJURY ACCIDENT (PROPERTY- DAMAGE-ONLY ACCIDENT),HEAD ON,45.28866889,-111.3974756,16.80739785,26.444691
C078655N,000+0.367,,MADISON,November,2016,17:30,WED,NON-JUNCTION,ROADSIDE RIGHT,SNOW,SNOW,DUSK,NON-INJURY ACCIDENT (PROPERTY- DAMAGE-ONLY ACCIDENT),FIXED OBJECT,45.28789331,-111.3971717,16.83522287,26.46045627
C078659N,000+0.110,,MADISON,January,2013,15:45,THU,NON-JUNCTION,ROADSIDE LEFT,CLEAR,ICE/FROST,DAYLIGHT,NON-INJURY ACCIDENT (PROPERTY- DAMAGE-ONLY ACCIDENT),FIXED OBJECT,45.30876167,-111.4171483,15.57260537,25.50141121
C078660N,000+0.187,,MADISON,May,2014,12:05,THU,NON-JUNCTION,ROADSIDE RIGHT,CLEAR,DRY,DAYLIGHT,NON-INJURY ACCIDENT (PROPERTY- DAMAGE-ONLY ACCIDENT),FIXED OBJECT,45.29840531,-111.4223649,15.47143308,25.23182191
C078660N,000+0.263,,MADISON,July,2015,13:48,SAT,NON-JUNCTION,ON ROADWAY,CLOUDY,DRY,DAYLIGHT,NON-INCAPACITATING EVIDENT INJURY ACCIDENT,FIXED OBJECT,45.30884167,-111.430805,14.9194629,24.83846384
C078660N,000+0.266,,MADISON,February,2015,10:10,SAT,NON-JUNCTION,ON ROADWAY,CLOUDY,SNOW,DAYLIGHT,NON-INJURY ACCIDENT (PROPERTY- DAMAGE-ONLY ACCIDENT),RIGHT ANGLE,45.30531066,-111.4294819,15.03044205,24.89469984
C078660N,000+0.266,NOT IN CITY LIMITS,MADISON,DECEMBER,2017,9:30,FRI,NON-JUNCTION,ON ROADWAY,SNOW,SNOW,DAYLIGHT,NON-INJURY ACCIDENT (PROPERTY- DAMAGE-ONLY ACCIDENT),HEAD ON,45.31242773,-111.4398912,14.439972,24.40809695
C078660N,000+0.273,NOT IN CITY LIMITS,MADISON,APRIL,2017,9:20,THU,NON-JUNCTION,ON ROADWAY,SNOW,SNOW,DAYLIGHT,NON-INJURY ACCIDENT (PROPERTY- DAMAGE-ONLY ACCIDENT),RIGHT ANGLE,45.29847502,-111.423972,15.39430434,25.15375969
C078660N,000+0.562,,MADISON,August,2016,19:35,MON,NON-JUNCTION,ON ROADWAY,CLEAR,DRY,DAYLIGHT,NON-INJURY ACCIDENT (PROPERTY- DAMAGE-ONLY ACCIDENT),REAR TO FRONT,45.30093,-111.43549,14.81057608,24.59613116
C078660N,000+0.756,,MADISON,November,2014,9:00,TUE,NON-JUNCTION,ROADSIDE LEFT,UNKNOWN,UNKNOWN,UNKNOWN,NON-INJURY ACCIDENT (PROPERTY- DAMAGE-ONLY ACCIDENT),FIXED OBJECT,45.2951873,-111.4276042,15.27693735,24.97624516
C078666N,000+0.017,,MADISON,November,2014,12:00,SUN,NON-JUNCTION,ROADSIDE RIGHT,CLEAR,SNOW,DAYLIGHT,NON-INJURY ACCIDENT (PROPERTY- DAMAGE-ONLY ACCIDENT),FIXED OBJECT,45.29313929,-111.3971,16.75025547,26.45932566
C078667N,000+0.000,NOT IN CITY LIMITS,MADISON,DECEMBER,2017,16:50,MON,INTERSECTION-RELATED,ON ROADWAY,SNOW,SNOW,DARK-NOT LIGHTED,NON-INJURY ACCIDENT (PROPERTY- DAMAGE-ONLY ACCIDENT),HEAD ON,45.30019379,-111.4159241,15.74900337,25.5461766
C078667N,000+0.400,,MADISON,October,2013,15:39,SUN,NON-JUNCTION,ROADSIDE RIGHT,SNOW,SNOW,DAYLIGHT,NON-INJURY ACCIDENT (PROPERTY- DAMAGE-ONLY ACCIDENT),ROLL OVER,45.29700176,-111.4147492,15.85394526,25.60131487
C078667N,000+0.525,NOT IN CITY LIMITS,MADISON,APRIL,2017,18:43,THU,NON-JUNCTION,ROADSIDE LEFT,SNOW,SNOW,DAYLIGHT,NON-INJURY ACCIDENT (PROPERTY- DAMAGE-ONLY ACCIDENT),ROLL OVER,45.29553702,-111.4138417,15.92036474,25.64516082
C078667N,000+0.912,,MADISON,March,2015,13:15,TUE,NON-JUNCTION,ON ROADWAY,CLOUDY,SNOW,DAYLIGHT,NON-INJURY ACCIDENT (PROPERTY- DAMAGE-ONLY ACCIDENT),RIGHT ANGLE,45.29169811,-111.4144213,15.95753201,25.61820228
C078667N,000+0.971,,MADISON,November,2015,21:55,FRI,NON-JUNCTION,ROADSIDE RIGHT,CLEAR,ICE/FROST,DARK-NOT LIGHTED,NON-INJURY ACCIDENT (PROPERTY- DAMAGE-ONLY ACCIDENT),ROLL OVER,45.29093997,-111.4147287,15.95631877,25.60382543
C078667N,000+0.980,,MADISON,November,2013,23:10,FRI,NON-JUNCTION,ROADSIDE LEFT,CLOUDY,SNOW,DARK-NOT LIGHTED,NON-INJURY ACCIDENT (PROPERTY- DAMAGE-ONLY ACCIDENT),FIXED OBJECT,45.29082723,-111.4148994,15.95027968,25.59562175